<?xml version="1.0" encoding="ISO-8859-1" ?>
<device>
  <name>top</name>
  <version>1.0</version>
  <description>CMSIS description for top.  Created by Actel SmartDesign on Thu May 31 00:02:29 2012</description>
  <addressUnitBits>8</addressUnitBits>
  <width>32</width>
  <peripherals>
    <peripheral>
      <name>correlator_0</name>
      <baseAddress>0x40050000</baseAddress>
    </peripheral>
    <peripheral>
      <name>idx_control_0</name>
      <baseAddress>0x40060000</baseAddress>
    </peripheral>
    <peripheral>
      <name>radio_ctl_0</name>
      <baseAddress>0x40070000</baseAddress>
    </peripheral>
    <peripheral>
      <name>max2831_spi_0</name>
      <baseAddress>0x40080000</baseAddress>
    </peripheral>
  </peripherals>
</device>
