<?xml version="1.0" encoding="UTF-8" standalone="no" ?><toolSetting xmlns="http://actel.com/sweng/afi" component="g4m_system_MSS" xmlns:actel-cc="http://www.actel.com/XMLSchema/CoreConsole" xmlns:spirit="http://www.spiritconsortium.org/XMLSchema/SPIRIT/1.1"><device VendorTechnology_Die="PA4M5000_ES" VendorTechnology_DieVoltage="1.2" VendorTechnology_Family="SmartFusion2" VendorTechnology_Package="fg896" VendorTechnology_Speed="-1"><advancedoptions DSW_VCCA_VOLTAGE_RAMP_RATE="100_MS" IO_DEFT_STD="LVCMOS 2.5V" OPCONR="COM" RESTRICTPROBEPINS="0" TEMPR="COM" VCCI_1.2_VOLTR="COM" VCCI_1.5_VOLTR="COM" VCCI_1.8_VOLTR="COM" VCCI_2.5_VOLTR="COM" VCCI_3.3_VOLTR="COM" VOLTR="COM"/></device><tool Constraint_Default="true" Simulation_Default="true" Source_Default="true" Stimulus_Default="true" internal_name="UPDATE_ENVM" library="Tool" name="UpdateEnvm" state="0" vendor="Actel" version="1.0.100"><configuration/><input_files/><output_files/><report_files/></tool><tool Constraint_Default="true" Simulation_Default="true" Source_Default="true" Stimulus_Default="true" internal_name="SYSTEMBUILDER" library="Tool" name="SysBuilder" state="0" vendor="Actel" version="1.0.100"><configuration/><input_files/><output_files/><report_files/></tool><tool Constraint_Default="true" Simulation_Default="true" Source_Default="true" Stimulus_Default="true" internal_name="SYNTHESIZE_PS" library="Tool" name="Precision" state="0" vendor="Mentor" version="1.0.100"><configuration/><input_files/><output_files/><report_files/></tool><tool Constraint_Default="true" Simulation_Default="true" Source_Default="true" Stimulus_Default="true" internal_name="SYNTHESIZE" library="Tool" name="Synthesize" state="0" vendor="Synopsys" version="1.0.102"><configuration><spirit:hwParameter spirit:name="LANGUAGE_SYSTEM_VLOG">false</spirit:hwParameter><spirit:hwParameter spirit:name="LANGUAGE_VERILOG_2001">true</spirit:hwParameter><spirit:hwParameter spirit:name="LANGUAGE_VHDL_2008">false</spirit:hwParameter></configuration><input_files/><output_files/><report_files/></tool><tool Constraint_Default="true" Simulation_Default="true" Source_Default="true" Stimulus_Default="true" internal_name="SPM" library="Tool" name="SPM" state="0" vendor="Actel" version="1.0.102"><configuration><spirit:hwParameter spirit:name="spm_file_name"/></configuration><input_files/><output_files/><report_files/></tool><tool Constraint_Default="true" Simulation_Default="true" Source_Default="true" Stimulus_Default="true" internal_name="SOFTWAREIDE" library="Tool" name="SoftwareIDE" state="0" vendor="Actel" version="1.0.100"><configuration/><input_files/><output_files/><report_files/></tool><tool Constraint_Default="true" Simulation_Default="true" Source_Default="true" Stimulus_Default="true" internal_name="SMARTDESIGNCONFIGURATOR" library="Tool" name="SmartDesign" state="0" vendor="Actel" version="1.0.100"><configuration/><input_files/><output_files/><report_files/></tool><tool Constraint_Default="true" Simulation_Default="true" Source_Default="true" Stimulus_Default="true" internal_name="SMARTDEBUG" library="Tool" name="SmartDebug" state="0" vendor="Actel" version="1.0.101"><configuration/><input_files/><output_files/><report_files/></tool><tool Constraint_Default="true" Simulation_Default="true" Source_Default="true" Stimulus_Default="true" internal_name="SIM_PRESYNTH" library="Tool" name="RTLSimulation" state="0" vendor="Actel" version="1.0.100"><configuration/><input_files/><output_files/><report_files/></tool><tool Constraint_Default="true" Simulation_Default="true" Source_Default="true" Stimulus_Default="true" internal_name="SDTB" library="Tool" name="SDTB" state="0" vendor="Actel" version="1.0.100"><configuration/><input_files/><output_files/><report_files/></tool><tool Constraint_Default="true" Simulation_Default="true" Source_Default="true" Stimulus_Default="true" internal_name="PROGRAM_OPTIONS" library="Tool" name="ProgramOptions" state="0" vendor="Actel" version="1.0.101"><configuration><spirit:hwParameter spirit:name="program_envm">false</spirit:hwParameter><spirit:hwParameter spirit:name="program_fabric">false</spirit:hwParameter><spirit:hwParameter spirit:name="program_mode">selected_features</spirit:hwParameter><spirit:hwParameter spirit:name="program_security">false</spirit:hwParameter></configuration><input_files/><output_files/><report_files/></tool><tool Constraint_Default="true" Simulation_Default="true" Source_Default="true" Stimulus_Default="true" internal_name="PROGRAMMER_INFO" library="Tool" name="ProgrammerInfo" state="0" vendor="Actel" version="1.0.101"><configuration/><input_files/><output_files/><report_files/></tool><tool Constraint_Default="true" Simulation_Default="true" Source_Default="true" Stimulus_Default="true" internal_name="MSSCONFIGURATOR" library="Tool" name="MSS" state="0" vendor="Actel" version="1.0.100"><configuration/><input_files/><output_files/><report_files/></tool><tool Constraint_Default="true" Simulation_Default="true" Source_Default="true" Stimulus_Default="true" internal_name="IO_PROGRAMMING_STATE" library="Tool" name="IoProgramState" state="0" vendor="Actel" version="1.0.103"><configuration><spirit:hwParameter spirit:name="ios_file"/></configuration><input_files/><output_files/><report_files/></tool><tool Constraint_Default="true" Simulation_Default="true" Source_Default="true" Stimulus_Default="true" internal_name="HDLTB" library="Tool" name="HDLTB" state="0" vendor="Actel" version="1.0.100"><configuration/><input_files/><output_files/><report_files/></tool><tool Constraint_Default="true" Simulation_Default="true" Source_Default="true" Stimulus_Default="true" internal_name="HDLEDITOR" library="Tool" name="HDL" state="0" vendor="Actel" version="1.0.100"><configuration/><input_files/><output_files/><report_files/></tool><tool Constraint_Default="true" Simulation_Default="true" Source_Default="true" Stimulus_Default="true" internal_name="FIRMWARECONFIGURATOR" library="Tool" name="FirmwareView" state="0" vendor="Actel" version="1.0.100"><configuration/><input_files/><output_files/><report_files/></tool><tool Constraint_Default="true" Simulation_Default="true" Source_Default="true" Stimulus_Default="true" internal_name="EXPORTSDC" library="Tool" name="sdc_export" state="0" vendor="Actel" version="1.0.0"><configuration><spirit:hwParameter spirit:name="FULL_PLACEMENT">false</spirit:hwParameter><spirit:hwParameter spirit:name="PIN_LOCATIONS">true</spirit:hwParameter><spirit:hwParameter spirit:name="PLACEMENT">false</spirit:hwParameter></configuration><input_files/><output_files/><report_files/></tool><tool Constraint_Default="true" Simulation_Default="true" Source_Default="true" Stimulus_Default="true" internal_name="EXPORTNETLIST" library="Tool" name="netlist_export" state="0" vendor="Actel" version="1.0.0"><configuration><spirit:hwParameter spirit:name="EXPORT_HDL_TYPE">VERILOG</spirit:hwParameter></configuration><input_files/><output_files/><report_files/></tool><tool Constraint_Default="true" Simulation_Default="true" Source_Default="true" Stimulus_Default="true" internal_name="SIM_POSTSYNTH" library="Tool" name="PostSynthesisSimulation" state="0" vendor="Actel" version="1.0.100"><configuration/><input_files/><output_files/><report_files/></tool><tool Constraint_Default="true" Simulation_Default="true" Source_Default="true" Stimulus_Default="true" internal_name="EXPORTIOPDC" library="Tool" name="pdc_export" state="0" vendor="Actel" version="1.0.4"><configuration><spirit:hwParameter spirit:name="EXPORT_MODE">PDC_PLACE</spirit:hwParameter></configuration><input_files/><output_files/><report_files/></tool><tool Constraint_Default="true" Simulation_Default="true" Source_Default="true" Stimulus_Default="true" internal_name="EXPORTFPPDC" library="Tool" name="pdc_export" state="0" vendor="Actel" version="1.0.4"><configuration><spirit:hwParameter spirit:name="EXPORT_MODE">PDC_PLACE</spirit:hwParameter></configuration><input_files/><output_files/><report_files/></tool><tool Constraint_Default="true" Simulation_Default="true" Source_Default="true" Stimulus_Default="true" internal_name="EDITTIMING_PRESYNTH" library="Tool" name="st_constraints" state="0" vendor="Actel" version="1.0.11"><configuration/><input_files/><output_files/><report_files/></tool><tool Constraint_Default="true" Simulation_Default="true" Source_Default="true" Stimulus_Default="true" internal_name="EDITIO_PRESYNTH" library="Tool" name="mvn_io" state="0" vendor="Actel" version="1.0.11"><configuration/><input_files/><output_files/><report_files/></tool><tool Constraint_Default="true" Simulation_Default="true" Source_Default="true" Stimulus_Default="true" internal_name="EDITFLOORPLAN_PRECOMPILE" library="Tool" name="mvn_fp" state="0" vendor="Actel" version="1.0.11"><configuration/><input_files/><output_files/><report_files/></tool><tool Constraint_Default="true" Simulation_Default="true" Source_Default="true" Stimulus_Default="true" internal_name="CONFIGURE_CHAIN" library="Tool" name="ConfigureChain" state="0" vendor="Actel" version="1.0.101"><configuration/><input_files/><output_files/><report_files/></tool><tool Constraint_Default="true" Simulation_Default="true" Source_Default="true" Stimulus_Default="true" internal_name="COMPILE" library="Tool" name="g4compile" state="0" vendor="Actel" version="1.0.46"><configuration><spirit:hwParameter spirit:name="DISPLAY_FANOUT_LIMIT">10</spirit:hwParameter><spirit:hwParameter spirit:name="MERGE_SDC">true</spirit:hwParameter><spirit:hwParameter spirit:name="PDC_IMPORT_HARDERROR">true</spirit:hwParameter></configuration><input_files/><output_files/><report_files/></tool><tool Constraint_Default="true" Simulation_Default="true" Source_Default="true" Stimulus_Default="true" internal_name="PLACEROUTE" library="Tool" name="g4layout_placer" state="0" vendor="Actel" version="1.0.35"><configuration><spirit:hwParameter spirit:name="EFFORT_LEVEL">false</spirit:hwParameter><spirit:hwParameter spirit:name="INCRPLACEANDROUTE">false</spirit:hwParameter><spirit:hwParameter spirit:name="PDPR">false</spirit:hwParameter><spirit:hwParameter spirit:name="TDPR">true</spirit:hwParameter></configuration><input_files/><output_files/><report_files/></tool><tool Constraint_Default="true" Simulation_Default="true" Source_Default="true" Stimulus_Default="true" internal_name="GENERATEPROGRAMMINGDATA" library="Tool" name="g4layout_mapper" state="0" vendor="Actel" version="1.0.2"><configuration/><input_files/><output_files/><report_files/></tool><tool Constraint_Default="true" Simulation_Default="true" Source_Default="true" Stimulus_Default="true" internal_name="EXPORTPROGRAMMINGFILE" library="Tool" name="ExportProgrammingFile" state="0" vendor="Actel" version="1.0.104"><configuration><spirit:hwParameter spirit:name="DAT">false</spirit:hwParameter><spirit:hwParameter spirit:name="file_name"/><spirit:hwParameter spirit:name="limit_SVF_file_size">false</spirit:hwParameter><spirit:hwParameter spirit:name="limit_SVF_max_filesize_or_vector">size</spirit:hwParameter><spirit:hwParameter spirit:name="SPI">false</spirit:hwParameter><spirit:hwParameter spirit:name="STP">true</spirit:hwParameter><spirit:hwParameter spirit:name="SVF">false</spirit:hwParameter><spirit:hwParameter spirit:name="SVF_max_filesize">1024</spirit:hwParameter><spirit:hwParameter spirit:name="SVF_max_vectors">1000</spirit:hwParameter></configuration><input_files/><output_files/><report_files/></tool><tool Constraint_Default="true" Simulation_Default="true" Source_Default="true" Stimulus_Default="true" internal_name="GENERATEPROGRAMMINGFILE" library="Tool" name="GenerateProgrammingFile" state="0" vendor="Actel" version="1.0.100"><configuration/><input_files/><output_files/><report_files/></tool><tool Constraint_Default="true" Simulation_Default="true" Source_Default="true" Stimulus_Default="true" internal_name="PROGRAMDEVICE" library="Tool" name="ProgramDevice" state="0" vendor="Actel" version="1.0.104"><configuration><spirit:hwParameter spirit:name="prog_action"/><spirit:hwParameter spirit:name="prog_procedures"/></configuration><input_files/><output_files/><report_files/></tool><tool Constraint_Default="true" Simulation_Default="true" Source_Default="true" Stimulus_Default="true" internal_name="INSTRUMENTDESIGN" library="Tool" name="InstrumentDesign" state="0" vendor="Actel" version="1.0.100"><configuration/><input_files/><output_files/><report_files/></tool><tool Constraint_Default="true" Simulation_Default="true" Source_Default="true" Stimulus_Default="true" internal_name="EXPORTSDF" library="Tool" name="g4ba" state="0" vendor="Actel" version="1.0.12"><configuration><spirit:hwParameter spirit:name="DELAY_TYPE">false</spirit:hwParameter><spirit:hwParameter spirit:name="EXPORT_HDL_TYPE">VERILOG</spirit:hwParameter></configuration><input_files/><output_files/><report_files/></tool><tool Constraint_Default="true" Simulation_Default="true" Source_Default="true" Stimulus_Default="true" internal_name="SIM_POSTLAYOUT" library="Tool" name="BackAnnotatedSimulation" state="0" vendor="Actel" version="1.0.100"><configuration/><input_files/><output_files/><report_files/></tool><tool Constraint_Default="true" Simulation_Default="true" Source_Default="true" Stimulus_Default="true" internal_name="EXPORTBSDL" library="Tool" name="ExportBSDL" state="0" vendor="Actel" version="1.0.100"><configuration/><input_files/><output_files/><report_files/></tool><tool Constraint_Default="true" Simulation_Default="true" Source_Default="true" Stimulus_Default="true" internal_name="EXPORTPIN" library="Tool" name="pinrpt" state="0" vendor="Actel" version="1.0.12"><configuration><spirit:hwParameter spirit:name="PINRPT_BY_NAME">true</spirit:hwParameter><spirit:hwParameter spirit:name="PINRPT_BY_NUMBER">true</spirit:hwParameter></configuration><input_files/><output_files/><report_files/></tool><tool Constraint_Default="true" Simulation_Default="true" Source_Default="true" Stimulus_Default="true" internal_name="VERIFYPOWER" library="Tool" name="SmartPower" state="0" vendor="Actel" version="1.0.100"><configuration/><input_files/><output_files/><report_files/></tool><tool Constraint_Default="true" Simulation_Default="true" Source_Default="true" Stimulus_Default="true" internal_name="VERIFYTIMING" library="Tool" name="st_analysis" state="0" vendor="Actel" version="1.0.11"><configuration/><input_files/><output_files/><report_files/></tool><tool Constraint_Default="true" Simulation_Default="true" Source_Default="true" Stimulus_Default="true" internal_name="EDITFLOORPLAN_POSTCOMPILE" library="Tool" name="mvn_fp" state="0" vendor="Actel" version="1.0.11"><configuration/><input_files/><output_files/><report_files/></tool><tool Constraint_Default="true" Simulation_Default="true" Source_Default="true" Stimulus_Default="true" internal_name="EDITIO_POSTCOMPILE" library="Tool" name="mvn_io" state="0" vendor="Actel" version="1.0.11"><configuration/><input_files/><output_files/><report_files/></tool><tool Constraint_Default="true" Simulation_Default="true" Source_Default="true" Stimulus_Default="true" internal_name="EDITTIMING_POSTCOMPILE" library="Tool" name="st_constraints" state="0" vendor="Actel" version="1.0.11"><configuration/><input_files/><output_files/><report_files/></tool><tool Constraint_Default="true" Simulation_Default="true" Source_Default="true" Stimulus_Default="true" internal_name="FLASH_FREEZE" library="Tool" name="g4ff" state="0" vendor="Actel" version="1.0.100"><configuration><spirit:hwParameter spirit:name="FF_MSS_CLOCK">RCOSC_1MHZ</spirit:hwParameter><spirit:hwParameter spirit:name="FF_RAM_STATE">SUSPEND</spirit:hwParameter></configuration><input_files/><output_files/><report_files/></tool></toolSetting>