<?xml version="1.0" encoding="UTF-8" standalone="no" ?><toolSetting xmlns="http://actel.com/sweng/afi" component="g4m_system_top" xmlns:actel-cc="http://www.actel.com/XMLSchema/CoreConsole" xmlns:spirit="http://www.spiritconsortium.org/XMLSchema/SPIRIT/1.1"><device VendorTechnology_Die="PA4M5000_N" VendorTechnology_DieVoltage="1.2" VendorTechnology_Family="SmartFusion2" VendorTechnology_Package="fg484" VendorTechnology_Speed="-1"><advancedoptions DSW_VCCA_VOLTAGE_RAMP_RATE="100_MS" IO_DEFT_STD="LVCMOS 2.5V" PLL_SUPPLY="PLL_SUPPLY_25" RESTRICTPROBEPINS="1" SYSTEM_CONTROLLER_SUSPEND_MODE="0" TEMPR="COM" VCCI_1.2_VOLTR="COM" VCCI_1.5_VOLTR="COM" VCCI_1.8_VOLTR="COM" VCCI_2.5_VOLTR="COM" VCCI_3.3_VOLTR="COM" VOLTR="COM"/></device><tool Constraint_Default="true" Simulation_Default="true" Source_Default="true" Stimulus_Default="true" internal_name="UPDATE_ENVM" library="Tool" name="UpdateEnvm" state="0" vendor="Actel" version="1.0.100"><configuration/><input_files/><output_files/><report_files/></tool><tool Constraint_Default="true" Simulation_Default="true" Source_Default="true" Stimulus_Default="true" internal_name="SYSTEMBUILDER" library="Tool" name="SysBuilder" state="0" vendor="Actel" version="1.0.100"><configuration/><input_files/><output_files/><report_files/></tool><tool Constraint_Default="true" Simulation_Default="true" Source_Default="true" Stimulus_Default="true" internal_name="SYNTHESIZE_PS" library="Tool" name="Precision" state="0" vendor="Mentor" version="1.0.100"><configuration/><input_files/><output_files/><report_files/></tool><tool Constraint_Default="true" Simulation_Default="true" Source_Default="true" Stimulus_Default="true" internal_name="SYNTHESIZE" library="Tool" name="Synthesize" state="1" vendor="Synopsys" version="1.0.102"><configuration><spirit:hwParameter spirit:name="LANGUAGE_SYSTEM_VLOG">false</spirit:hwParameter><spirit:hwParameter spirit:name="LANGUAGE_VERILOG_2001">true</spirit:hwParameter><spirit:hwParameter spirit:name="LANGUAGE_VHDL_2008">false</spirit:hwParameter></configuration><input_files><file><path>component\Actel\DirectCore\CoreAPB3\4.0.100\rtl\vlog\core_obfuscated\coreapb3.v</path><type>HDL</type><fileset>HDL_FILESET</fileset><local>true</local><used>true</used><selectable>true</selectable><timestamp>1366236284</timestamp><used_for_compile>false</used_for_compile><used_for_synthesis>false</used_for_synthesis></file><file><path>component\Actel\DirectCore\CoreAPB3\4.0.100\rtl\vlog\core_obfuscated\coreapb3_iaddr_reg.v</path><type>HDL</type><fileset>HDL_FILESET</fileset><local>true</local><used>true</used><selectable>true</selectable><timestamp>1366236284</timestamp><used_for_compile>false</used_for_compile><used_for_synthesis>false</used_for_synthesis></file><file><path>component\Actel\DirectCore\CoreAPB3\4.0.100\rtl\vlog\core_obfuscated\coreapb3_muxptob3.v</path><type>HDL</type><fileset>HDL_FILESET</fileset><local>true</local><used>true</used><selectable>true</selectable><timestamp>1366236284</timestamp><used_for_compile>false</used_for_compile><used_for_synthesis>false</used_for_synthesis></file><file><path>component\Actel\DirectCore\CoreSF2Config\3.0.100\rtl\vlog\core\coresf2config.v</path><type>HDL</type><fileset>HDL_FILESET</fileset><local>true</local><used>true</used><selectable>true</selectable><timestamp>1378243212</timestamp><used_for_compile>false</used_for_compile><used_for_synthesis>false</used_for_synthesis></file><file><path>component\Actel\DirectCore\CoreSF2Reset\3.0.100\rtl\vlog\core\coresf2reset.v</path><type>HDL</type><fileset>HDL_FILESET</fileset><local>true</local><used>true</used><selectable>true</selectable><timestamp>1378243212</timestamp><used_for_compile>false</used_for_compile><used_for_synthesis>false</used_for_synthesis></file><file><path>component\Actel\SgCore\OSC\1.0.100\osc_comps.v</path><type>HDL</type><fileset>HDL_FILESET</fileset><local>true</local><used>true</used><selectable>true</selectable><timestamp>1366236290</timestamp><used_for_compile>false</used_for_compile><used_for_synthesis>false</used_for_synthesis></file><file><path>component\work\em_fifo\em_fifo.v</path><type>HDL</type><fileset>HDL_FILESET</fileset><local>true</local><used>true</used><selectable>true</selectable><timestamp>1386954753</timestamp><used_for_compile>false</used_for_compile><used_for_synthesis>false</used_for_synthesis></file><file><path>component\work\em_fifo\em_fifo_0\rtl\vlog\core\COREFIFO.v</path><type>HDL</type><fileset>HDL_FILESET</fileset><local>true</local><used>true</used><selectable>true</selectable><timestamp>1386954753</timestamp><used_for_compile>false</used_for_compile><used_for_synthesis>false</used_for_synthesis></file><file><path>component\work\em_fifo\em_fifo_0\rtl\vlog\core\doubleSync.v</path><type>HDL</type><fileset>HDL_FILESET</fileset><local>true</local><used>true</used><selectable>true</selectable><timestamp>1386954753</timestamp><used_for_compile>false</used_for_compile><used_for_synthesis>false</used_for_synthesis></file><file><path>component\work\em_fifo\em_fifo_0\rtl\vlog\core\em_fifo_em_fifo_0_LSRAM_top.v</path><type>HDL</type><fileset>HDL_FILESET</fileset><local>true</local><used>true</used><selectable>true</selectable><timestamp>1386954752</timestamp><used_for_compile>false</used_for_compile><used_for_synthesis>false</used_for_synthesis></file><file><path>component\work\em_fifo\em_fifo_0\rtl\vlog\core\em_fifo_em_fifo_0_ram_wrapper.v</path><type>HDL</type><fileset>HDL_FILESET</fileset><local>true</local><used>true</used><selectable>true</selectable><timestamp>1386954751</timestamp><used_for_compile>false</used_for_compile><used_for_synthesis>false</used_for_synthesis></file><file><path>component\work\em_fifo\em_fifo_0\rtl\vlog\core\fifocore_async.v</path><type>HDL</type><fileset>HDL_FILESET</fileset><local>true</local><used>true</used><selectable>true</selectable><timestamp>1386954753</timestamp><used_for_compile>false</used_for_compile><used_for_synthesis>false</used_for_synthesis></file><file><path>component\work\em_fifo\em_fifo_0\rtl\vlog\core\fifocore_sync.v</path><type>HDL</type><fileset>HDL_FILESET</fileset><local>true</local><used>true</used><selectable>true</selectable><timestamp>1386954753</timestamp><used_for_compile>false</used_for_compile><used_for_synthesis>false</used_for_synthesis></file><file><path>component\work\em_fifo\em_fifo_0\rtl\vlog\core\fifocore_sync_scntr.v</path><type>HDL</type><fileset>HDL_FILESET</fileset><local>true</local><used>true</used><selectable>true</selectable><timestamp>1386954753</timestamp><used_for_compile>false</used_for_compile><used_for_synthesis>false</used_for_synthesis></file><file><path>component\work\em_fifo\em_fifo_0\rtl\vlog\core\grayToBinConv.v</path><type>HDL</type><fileset>HDL_FILESET</fileset><local>true</local><used>true</used><selectable>true</selectable><timestamp>1386954753</timestamp><used_for_compile>false</used_for_compile><used_for_synthesis>false</used_for_synthesis></file><file><path>component\work\em_fifo\em_fifo_0\rtl\vlog\core\prefetch.v</path><type>HDL</type><fileset>HDL_FILESET</fileset><local>true</local><used>true</used><selectable>true</selectable><timestamp>1386954753</timestamp><used_for_compile>false</used_for_compile><used_for_synthesis>false</used_for_synthesis></file><file><path>component\work\g4m_system\CCC_0\g4m_system_CCC_0_FCCC.v</path><type>HDL</type><fileset>HDL_FILESET</fileset><local>true</local><used>true</used><selectable>true</selectable><timestamp>1386980527</timestamp><used_for_compile>false</used_for_compile><used_for_synthesis>false</used_for_synthesis></file><file><path>component\work\g4m_system\g4m_system.v</path><type>HDL</type><fileset>HDL_FILESET</fileset><local>true</local><used>true</used><selectable>true</selectable><timestamp>1386980528</timestamp><used_for_compile>false</used_for_compile><used_for_synthesis>false</used_for_synthesis></file><file><path>component\work\g4m_system\OSC_0\g4m_system_OSC_0_OSC.v</path><type>HDL</type><fileset>HDL_FILESET</fileset><local>true</local><used>true</used><selectable>true</selectable><timestamp>1386980528</timestamp><used_for_compile>false</used_for_compile><used_for_synthesis>false</used_for_synthesis></file><file><path>component\work\g4m_system_MSS\g4m_system_MSS.v</path><type>HDL</type><fileset>HDL_FILESET</fileset><local>true</local><used>true</used><selectable>true</selectable><timestamp>1380310600</timestamp><used_for_compile>false</used_for_compile><used_for_synthesis>false</used_for_synthesis></file><file><path>component\work\g4m_system_MSS\g4m_system_MSS_syn.v</path><type>HDL</type><fileset>HDL_FILESET</fileset><local>true</local><used>true</used><selectable>true</selectable><timestamp>1380310598</timestamp><used_for_compile>false</used_for_compile><used_for_synthesis>false</used_for_synthesis></file><file><path>component\work\g4m_system_top\g4m_system_top.v</path><type>HDL</type><fileset>HDL_FILESET</fileset><local>true</local><used>true</used><selectable>true</selectable><timestamp>1386980557</timestamp><used_for_compile>false</used_for_compile><used_for_synthesis>false</used_for_synthesis></file><file><path>component\work\hard_signed_mult\hard_signed_mult.v</path><type>HDL</type><fileset>HDL_FILESET</fileset><local>true</local><used>false</used><selectable>true</selectable><timestamp>1386953412</timestamp><used_for_compile>false</used_for_compile><used_for_synthesis>false</used_for_synthesis></file><file><path>component\work\hard_signed_mult\hard_signed_mult_0\hard_signed_mult_hard_signed_mult_0_HARD_MULT.v</path><type>HDL</type><fileset>HDL_FILESET</fileset><local>true</local><used>false</used><selectable>true</selectable><timestamp>1386953411</timestamp><used_for_compile>false</used_for_compile><used_for_synthesis>false</used_for_synthesis></file><file><path>hdl\agc.v</path><type>HDL</type><fileset>HDL_FILESET</fileset><local>true</local><used>true</used><selectable>true</selectable><timestamp>1379974909</timestamp><used_for_compile>false</used_for_compile><used_for_synthesis>false</used_for_synthesis></file><file><path>hdl\agc_table2.v</path><type>HDL</type><fileset>HDL_FILESET</fileset><local>true</local><used>true</used><selectable>true</selectable><timestamp>1379974864</timestamp><used_for_compile>false</used_for_compile><used_for_synthesis>false</used_for_synthesis></file><file><path>hdl\apb_template.v</path><type>HDL</type><fileset>HDL_FILESET</fileset><local>true</local><used>false</used><selectable>true</selectable><timestamp>1378426845</timestamp><used_for_compile>false</used_for_compile><used_for_synthesis>false</used_for_synthesis></file><file><path>hdl\bit_accumlator.v</path><type>HDL</type><fileset>HDL_FILESET</fileset><local>true</local><used>true</used><selectable>true</selectable><timestamp>1364310752</timestamp><used_for_compile>false</used_for_compile><used_for_synthesis>false</used_for_synthesis></file><file><path>hdl\chip_seq.v</path><type>HDL</type><fileset>HDL_FILESET</fileset><local>true</local><used>true</used><selectable>true</selectable><timestamp>1364310752</timestamp><used_for_compile>false</used_for_compile><used_for_synthesis>false</used_for_synthesis></file><file><path>hdl\correlator.v</path><type>HDL</type><fileset>HDL_FILESET</fileset><local>true</local><used>true</used><selectable>true</selectable><timestamp>1387210031</timestamp><used_for_compile>false</used_for_compile><used_for_synthesis>false</used_for_synthesis></file><file><path>hdl\crc.v</path><type>HDL</type><fileset>HDL_FILESET</fileset><local>true</local><used>true</used><selectable>true</selectable><timestamp>1379974921</timestamp><used_for_compile>false</used_for_compile><used_for_synthesis>false</used_for_synthesis></file><file><path>hdl\fifo128x8.v</path><type>HDL</type><fileset>HDL_FILESET</fileset><local>true</local><used>true</used><selectable>true</selectable><timestamp>1379972566</timestamp><used_for_compile>false</used_for_compile><used_for_synthesis>false</used_for_synthesis></file><file><path>hdl\fifo2wave.v</path><type>HDL</type><fileset>HDL_FILESET</fileset><local>true</local><used>true</used><selectable>true</selectable><timestamp>1379974978</timestamp><used_for_compile>false</used_for_compile><used_for_synthesis>false</used_for_synthesis></file><file><path>hdl\fifo_ctl.v</path><type>HDL</type><fileset>HDL_FILESET</fileset><local>true</local><used>true</used><selectable>true</selectable><timestamp>1387210119</timestamp><used_for_compile>false</used_for_compile><used_for_synthesis>false</used_for_synthesis></file><file><path>hdl\fm_demux.v</path><type>HDL</type><fileset>HDL_FILESET</fileset><local>true</local><used>true</used><selectable>true</selectable><timestamp>1387060703</timestamp><used_for_compile>false</used_for_compile><used_for_synthesis>false</used_for_synthesis></file><file><path>hdl\frame_ctl.v</path><type>HDL</type><fileset>HDL_FILESET</fileset><local>true</local><used>true</used><selectable>true</selectable><timestamp>1364310752</timestamp><used_for_compile>false</used_for_compile><used_for_synthesis>false</used_for_synthesis></file><file><path>hdl\hs_match.v</path><type>HDL</type><fileset>HDL_FILESET</fileset><local>true</local><used>true</used><selectable>true</selectable><timestamp>1379974359</timestamp><used_for_compile>false</used_for_compile><used_for_synthesis>false</used_for_synthesis></file><file><path>hdl\idx_ctl.v</path><type>HDL</type><fileset>HDL_FILESET</fileset><local>true</local><used>true</used><selectable>true</selectable><timestamp>1380218284</timestamp><used_for_compile>false</used_for_compile><used_for_synthesis>false</used_for_synthesis></file><file><path>hdl\led_wrapper.v</path><type>HDL</type><fileset>HDL_FILESET</fileset><local>true</local><used>true</used><selectable>true</selectable><timestamp>1378426933</timestamp><used_for_compile>false</used_for_compile><used_for_synthesis>false</used_for_synthesis></file><file><path>hdl\max2831_spi.v</path><type>HDL</type><fileset>HDL_FILESET</fileset><local>true</local><used>true</used><selectable>true</selectable><timestamp>1379975062</timestamp><used_for_compile>false</used_for_compile><used_for_synthesis>false</used_for_synthesis></file><file><path>hdl\radio_ctl.v</path><type>HDL</type><fileset>HDL_FILESET</fileset><local>true</local><used>true</used><selectable>true</selectable><timestamp>1387209903</timestamp><used_for_compile>false</used_for_compile><used_for_synthesis>false</used_for_synthesis></file><file><path>hdl\rssiADC.v</path><type>HDL</type><fileset>HDL_FILESET</fileset><local>true</local><used>true</used><selectable>true</selectable><timestamp>1379974997</timestamp><used_for_compile>false</used_for_compile><used_for_synthesis>false</used_for_synthesis></file><file><path>hdl\r_fifo.v</path><type>HDL</type><fileset>HDL_FILESET</fileset><local>true</local><used>false</used><selectable>true</selectable><timestamp>1380576076</timestamp><used_for_compile>false</used_for_compile><used_for_synthesis>false</used_for_synthesis></file><file><path>hdl\SDRv2_top.v</path><type>HDL</type><fileset>HDL_FILESET</fileset><local>true</local><used>true</used><selectable>true</selectable><timestamp>1387210183</timestamp><used_for_compile>false</used_for_compile><used_for_synthesis>false</used_for_synthesis></file><file><path>hdl\sdr_def.v</path><type>HDL</type><fileset>HDL_FILESET</fileset><local>true</local><used>false</used><selectable>true</selectable><timestamp>1378750637</timestamp><used_for_compile>false</used_for_compile><used_for_synthesis>false</used_for_synthesis></file><file><path>hdl\sdr_func.v</path><type>HDL</type><fileset>HDL_FILESET</fileset><local>true</local><used>false</used><selectable>true</selectable><timestamp>1364310752</timestamp><used_for_compile>false</used_for_compile><used_for_synthesis>false</used_for_synthesis></file><file><path>hdl\seq_compare.v</path><type>HDL</type><fileset>HDL_FILESET</fileset><local>true</local><used>true</used><selectable>true</selectable><timestamp>1378511896</timestamp><used_for_compile>false</used_for_compile><used_for_synthesis>false</used_for_synthesis></file><file><path>hdl\sfd_sync.v</path><type>HDL</type><fileset>HDL_FILESET</fileset><local>true</local><used>true</used><selectable>true</selectable><timestamp>1378511840</timestamp><used_for_compile>false</used_for_compile><used_for_synthesis>false</used_for_synthesis></file><file><path>hdl\sin_table.v</path><type>HDL</type><fileset>HDL_FILESET</fileset><local>true</local><used>true</used><selectable>true</selectable><timestamp>1364310752</timestamp><used_for_compile>false</used_for_compile><used_for_synthesis>false</used_for_synthesis></file><file><path>hdl\spi_tx.v</path><type>HDL</type><fileset>HDL_FILESET</fileset><local>true</local><used>true</used><selectable>true</selectable><timestamp>1379975008</timestamp><used_for_compile>false</used_for_compile><used_for_synthesis>false</used_for_synthesis></file><file><path>hdl\zero_finding.v</path><type>HDL</type><fileset>HDL_FILESET</fileset><local>true</local><used>true</used><selectable>true</selectable><timestamp>1378496847</timestamp><used_for_compile>false</used_for_compile><used_for_synthesis>false</used_for_synthesis></file><file><path>synthesis\g4m_system_top_synplify.sdc</path><type>SDC_ROOT</type><fileset>DESIGNER_FILESET</fileset><local>true</local><used>false</used><selectable>true</selectable><timestamp>1366748869</timestamp><used_for_compile>false</used_for_compile><used_for_synthesis>false</used_for_synthesis></file><file><path>synthesis\g4m_system_top_sdc.sdc</path><type>SDC_ROOT</type><fileset>OTHER_SYNTHESIS_FILESET</fileset><local>true</local><used>false</used><selectable>true</selectable><timestamp>1387210285</timestamp><used_for_compile>false</used_for_compile><used_for_synthesis>false</used_for_synthesis></file></input_files><output_files><file><path>synthesis\g4m_system_top.edn</path><type>EDN</type><fileset>HDL_FILESET</fileset><local>true</local><used>false</used><selectable>true</selectable><timestamp>1387210285</timestamp><used_for_compile>false</used_for_compile><used_for_synthesis>false</used_for_synthesis></file></output_files><report_files><file><path>synthesis\synplify.log</path><type>LOG</type><fileset>OTHER_FILESET</fileset><local>true</local><used>false</used><selectable>true</selectable><timestamp>0</timestamp><used_for_compile>false</used_for_compile><used_for_synthesis>false</used_for_synthesis></file><file><path>synthesis\g4m_system_top.srr</path><type>LOG</type><fileset>OTHER_FILESET</fileset><local>true</local><used>false</used><selectable>true</selectable><timestamp>0</timestamp><used_for_compile>false</used_for_compile><used_for_synthesis>false</used_for_synthesis></file><file><path>synthesis\g4m_system_top.areasrr</path><type>LOG</type><fileset>OTHER_FILESET</fileset><local>true</local><used>false</used><selectable>true</selectable><timestamp>0</timestamp><used_for_compile>false</used_for_compile><used_for_synthesis>false</used_for_synthesis></file><file><path>synthesis\run_options.txt</path><type>LOG</type><fileset>OTHER_FILESET</fileset><local>true</local><used>false</used><selectable>true</selectable><timestamp>0</timestamp><used_for_compile>false</used_for_compile><used_for_synthesis>false</used_for_synthesis></file></report_files></tool><tool Constraint_Default="true" Simulation_Default="true" Source_Default="true" Stimulus_Default="true" internal_name="SPM" library="Tool" name="SPM" state="0" vendor="Actel" version="1.0.102"><configuration><spirit:hwParameter spirit:name="spm_file_name"/></configuration><input_files/><output_files/><report_files/></tool><tool Constraint_Default="true" Simulation_Default="true" Source_Default="true" Stimulus_Default="true" internal_name="SOFTWAREIDE" library="Tool" name="SoftwareIDE" state="0" vendor="Actel" version="1.0.100"><configuration/><input_files/><output_files/><report_files/></tool><tool Constraint_Default="true" Simulation_Default="true" Source_Default="true" Stimulus_Default="true" internal_name="SMARTDESIGNCONFIGURATOR" library="Tool" name="SmartDesign" state="0" vendor="Actel" version="1.0.100"><configuration/><input_files/><output_files/><report_files/></tool><tool Constraint_Default="true" Simulation_Default="true" Source_Default="true" Stimulus_Default="true" internal_name="SMARTDEBUG" library="Tool" name="SmartDebug" state="0" vendor="Actel" version="1.0.101"><configuration/><input_files/><output_files/><report_files/></tool><tool Constraint_Default="true" Simulation_Default="true" Source_Default="true" Stimulus_Default="true" internal_name="SIM_PRESYNTH" library="Tool" name="RTLSimulation" state="0" vendor="Actel" version="1.0.100"><configuration/><input_files/><output_files/><report_files/></tool><tool Constraint_Default="true" Simulation_Default="true" Source_Default="true" Stimulus_Default="true" internal_name="SDTB" library="Tool" name="SDTB" state="0" vendor="Actel" version="1.0.100"><configuration/><input_files/><output_files/><report_files/></tool><tool Constraint_Default="true" Simulation_Default="true" Source_Default="true" Stimulus_Default="true" internal_name="PROGRAM_OPTIONS" library="Tool" name="ProgramOptions" state="0" vendor="Actel" version="1.0.101"><configuration><spirit:hwParameter spirit:name="program_envm">false</spirit:hwParameter><spirit:hwParameter spirit:name="program_fabric">false</spirit:hwParameter><spirit:hwParameter spirit:name="program_mode">selected_features</spirit:hwParameter><spirit:hwParameter spirit:name="program_security">false</spirit:hwParameter></configuration><input_files/><output_files/><report_files/></tool><tool Constraint_Default="true" Simulation_Default="true" Source_Default="true" Stimulus_Default="true" internal_name="PROGRAMMER_INFO" library="Tool" name="ProgrammerInfo" state="0" vendor="Actel" version="1.0.101"><configuration/><input_files/><output_files/><report_files/></tool><tool Constraint_Default="true" Simulation_Default="true" Source_Default="true" Stimulus_Default="true" internal_name="MSSCONFIGURATOR" library="Tool" name="MSS" state="1" vendor="Actel" version="1.0.100"><configuration/><input_files/><output_files/><report_files/></tool><tool Constraint_Default="true" Simulation_Default="true" Source_Default="true" Stimulus_Default="true" internal_name="IO_PROGRAMMING_STATE" library="Tool" name="IoProgramState" state="0" vendor="Actel" version="1.0.103"><configuration><spirit:hwParameter spirit:name="ios_file"/></configuration><input_files/><output_files/><report_files/></tool><tool Constraint_Default="true" Simulation_Default="true" Source_Default="true" Stimulus_Default="true" internal_name="HDLTB" library="Tool" name="HDLTB" state="0" vendor="Actel" version="1.0.100"><configuration/><input_files/><output_files/><report_files/></tool><tool Constraint_Default="true" Simulation_Default="true" Source_Default="true" Stimulus_Default="true" internal_name="HDLEDITOR" library="Tool" name="HDL" state="0" vendor="Actel" version="1.0.100"><configuration/><input_files/><output_files/><report_files/></tool><tool Constraint_Default="true" Simulation_Default="true" Source_Default="true" Stimulus_Default="true" internal_name="FIRMWARECONFIGURATOR" library="Tool" name="FirmwareView" state="0" vendor="Actel" version="1.0.100"><configuration/><input_files/><output_files/><report_files/></tool><tool Constraint_Default="true" Simulation_Default="true" Source_Default="true" Stimulus_Default="true" internal_name="EXPORTSDC" library="Tool" name="sdc_export" state="0" vendor="Actel" version="1.0.0"><configuration><spirit:hwParameter spirit:name="FULL_PLACEMENT">false</spirit:hwParameter><spirit:hwParameter spirit:name="PIN_LOCATIONS">true</spirit:hwParameter><spirit:hwParameter spirit:name="PLACEMENT">false</spirit:hwParameter></configuration><input_files/><output_files/><report_files/></tool><tool Constraint_Default="true" Simulation_Default="true" Source_Default="true" Stimulus_Default="true" internal_name="EXPORTNETLIST" library="Tool" name="netlist_export" state="0" vendor="Actel" version="1.0.0"><configuration><spirit:hwParameter spirit:name="EXPORT_HDL_TYPE">VERILOG</spirit:hwParameter></configuration><input_files/><output_files/><report_files/></tool><tool Constraint_Default="true" Simulation_Default="true" Source_Default="true" Stimulus_Default="true" internal_name="SIM_POSTSYNTH" library="Tool" name="PostSynthesisSimulation" state="0" vendor="Actel" version="1.0.100"><configuration/><input_files><file><path>synthesis\g4m_system_top.v</path><type>HDL</type><fileset>ANY_SIMULATION_FILESET</fileset><local>true</local><used>true</used><selectable>false</selectable><timestamp>0</timestamp><used_for_compile>true</used_for_compile><used_for_synthesis>true</used_for_synthesis></file><file><path>component\work\g4m_system\testbench.v</path><type>TB_HDL</type><fileset>STIMULUS_FILESET</fileset><local>true</local><used>false</used><selectable>true</selectable><timestamp>1351771241</timestamp><used_for_compile>true</used_for_compile><used_for_synthesis>true</used_for_synthesis></file><file><path>component\work\g4m_system_MSS\testbench.v</path><type>TB_HDL</type><fileset>STIMULUS_FILESET</fileset><local>true</local><used>false</used><selectable>true</selectable><timestamp>1351769861</timestamp><used_for_compile>true</used_for_compile><used_for_synthesis>true</used_for_synthesis></file><file><path>component\work\g4m_system_top\testbench.v</path><type>TB_HDL</type><fileset>STIMULUS_FILESET</fileset><local>true</local><used>true</used><selectable>true</selectable><timestamp>1351771274</timestamp><used_for_compile>true</used_for_compile><used_for_synthesis>true</used_for_synthesis></file></input_files><output_files/><report_files/></tool><tool Constraint_Default="true" Simulation_Default="true" Source_Default="true" Stimulus_Default="true" internal_name="EXPORTIOPDC" library="Tool" name="pdc_export" state="0" vendor="Actel" version="1.0.4"><configuration><spirit:hwParameter spirit:name="EXPORT_MODE">PDC_PLACE</spirit:hwParameter></configuration><input_files/><output_files/><report_files/></tool><tool Constraint_Default="true" Simulation_Default="true" Source_Default="true" Stimulus_Default="true" internal_name="EXPORTG4IBIS" library="Tool" name="ExportG4IBIS" state="0" vendor="Actel" version="1.0.102"><configuration/><input_files/><output_files/><report_files/></tool><tool Constraint_Default="true" Simulation_Default="true" Source_Default="true" Stimulus_Default="true" internal_name="EXPORTFPPDC" library="Tool" name="pdc_export" state="0" vendor="Actel" version="1.0.4"><configuration><spirit:hwParameter spirit:name="EXPORT_MODE">PDC_PLACE</spirit:hwParameter></configuration><input_files/><output_files/><report_files/></tool><tool Constraint_Default="true" Simulation_Default="true" Source_Default="true" Stimulus_Default="true" internal_name="EDITTIMING_PRESYNTH" library="Tool" name="st_constraints" state="0" vendor="Actel" version="1.0.11"><configuration/><input_files/><output_files/><report_files/></tool><tool Constraint_Default="true" Simulation_Default="true" Source_Default="true" Stimulus_Default="true" internal_name="EDITIO_PRESYNTH" library="Tool" name="mvn_io" state="0" vendor="Actel" version="1.0.11"><configuration/><input_files/><output_files/><report_files/></tool><tool Constraint_Default="true" Simulation_Default="true" Source_Default="true" Stimulus_Default="true" internal_name="EDITFLOORPLAN_PRECOMPILE" library="Tool" name="mvn_fp" state="0" vendor="Actel" version="1.0.11"><configuration/><input_files/><output_files/><report_files/></tool><tool Constraint_Default="true" Simulation_Default="true" Source_Default="true" Stimulus_Default="true" internal_name="CONFIGURE_CHAIN" library="Tool" name="ConfigureChain" state="0" vendor="Actel" version="1.0.101"><configuration/><input_files/><output_files/><report_files/></tool><tool Constraint_Default="false" Simulation_Default="true" Source_Default="true" Stimulus_Default="true" internal_name="COMPILE" library="Tool" name="g4compile" state="2" vendor="Actel" version="1.0.48"><configuration><spirit:hwParameter spirit:name="BLOCK_MODE">false</spirit:hwParameter><spirit:hwParameter spirit:name="BLOCK_PLACEMENT_CONFLICTS">ERROR</spirit:hwParameter><spirit:hwParameter spirit:name="BLOCK_ROUTING_CONFLICTS">LOCK</spirit:hwParameter><spirit:hwParameter spirit:name="DISPLAY_FANOUT_LIMIT">10</spirit:hwParameter><spirit:hwParameter spirit:name="MERGE_SDC">false</spirit:hwParameter><spirit:hwParameter spirit:name="PDC_IMPORT_HARDERROR">true</spirit:hwParameter></configuration><input_files><file><path>synthesis\g4m_system_top.edn</path><type>HDL</type><fileset>HDL_FILESET</fileset><local>true</local><used>true</used><selectable>true</selectable><timestamp>1387210285</timestamp><used_for_compile>false</used_for_compile><used_for_synthesis>false</used_for_synthesis></file><file><path>constraint\io\g4m_system_top.io.pdc</path><type>PDC</type><fileset>DESIGNER_FILESET</fileset><local>true</local><used>true</used><selectable>true</selectable><timestamp>1387057574</timestamp><used_for_compile>false</used_for_compile><used_for_synthesis>false</used_for_synthesis></file><file><path>synthesis\g4m_system_top_sdc.sdc</path><type>SDC_SYN</type><fileset>OTHER_SYNTHESIS_FILESET</fileset><local>true</local><used>false</used><selectable>true</selectable><timestamp>1387210285</timestamp><used_for_compile>false</used_for_compile><used_for_synthesis>false</used_for_synthesis></file><file><path>synthesis\g4m_system_top_synplify.sdc</path><type>SDC_PRJ</type><fileset>DESIGNER_FILESET</fileset><local>true</local><used>false</used><selectable>true</selectable><timestamp>1366748869</timestamp><used_for_compile>false</used_for_compile><used_for_synthesis>false</used_for_synthesis></file></input_files><output_files/><report_files><file><path>designer\g4m_system_top\g4m_system_top_rwnetlist.log</path><type>LOG</type><fileset>OTHER_FILESET</fileset><local>true</local><used>false</used><selectable>true</selectable><timestamp>0</timestamp><used_for_compile>false</used_for_compile><used_for_synthesis>false</used_for_synthesis></file><file><path>designer\g4m_system_top\g4m_system_top_compile.log</path><type>LOG</type><fileset>OTHER_FILESET</fileset><local>true</local><used>false</used><selectable>true</selectable><timestamp>0</timestamp><used_for_compile>false</used_for_compile><used_for_synthesis>false</used_for_synthesis></file><file><path>designer\g4m_system_top\g4m_system_top_compile_log.log</path><type>LOG</type><fileset>OTHER_FILESET</fileset><local>true</local><used>false</used><selectable>true</selectable><timestamp>0</timestamp><used_for_compile>false</used_for_compile><used_for_synthesis>false</used_for_synthesis></file><file><path>designer\g4m_system_top\g4m_system_top_sdc.log</path><type>LOG</type><fileset>OTHER_FILESET</fileset><local>true</local><used>false</used><selectable>true</selectable><timestamp>0</timestamp><used_for_compile>false</used_for_compile><used_for_synthesis>false</used_for_synthesis></file><file><path>designer\g4m_system_top\g4m_system_top_compile.xml</path><type>LOG</type><fileset>OTHER_FILESET</fileset><local>true</local><used>false</used><selectable>true</selectable><timestamp>0</timestamp><used_for_compile>false</used_for_compile><used_for_synthesis>false</used_for_synthesis></file><file><path>designer\g4m_system_top\g4m_system_top_combinational_loops.xml</path><type>LOG</type><fileset>OTHER_FILESET</fileset><local>true</local><used>false</used><selectable>true</selectable><timestamp>0</timestamp><used_for_compile>false</used_for_compile><used_for_synthesis>false</used_for_synthesis></file></report_files></tool><tool Constraint_Default="true" Simulation_Default="true" Source_Default="true" Stimulus_Default="true" internal_name="PUBLISHBLOCK" library="Tool" name="PublishDesignerBlock" state="0" vendor="Actel" version="1.0.106"><configuration><spirit:hwParameter spirit:name="LANGUAGE">verilog</spirit:hwParameter><spirit:hwParameter spirit:name="LIB">UserBlock</spirit:hwParameter><spirit:hwParameter spirit:name="NAME">Block</spirit:hwParameter><spirit:hwParameter spirit:name="PLACEMENT">true</spirit:hwParameter><spirit:hwParameter spirit:name="REGION">true</spirit:hwParameter><spirit:hwParameter spirit:name="ROUTING">true</spirit:hwParameter><spirit:hwParameter spirit:name="VENDOR">Company</spirit:hwParameter><spirit:hwParameter spirit:name="VERSION">1.0</spirit:hwParameter></configuration><input_files/><output_files/><report_files/></tool><tool Constraint_Default="true" Simulation_Default="true" Source_Default="true" Stimulus_Default="true" internal_name="PLACEROUTE" library="Tool" name="g4layout_placer" state="1" vendor="Actel" version="1.0.35"><configuration><spirit:hwParameter spirit:name="EFFORT_LEVEL">false</spirit:hwParameter><spirit:hwParameter spirit:name="INCRPLACEANDROUTE">0</spirit:hwParameter><spirit:hwParameter spirit:name="PDPR">false</spirit:hwParameter><spirit:hwParameter spirit:name="TDPR">true</spirit:hwParameter></configuration><input_files/><output_files/><report_files><file><path>designer\g4m_system_top\g4m_system_top_gp_report.xml</path><type>LOG</type><fileset>OTHER_FILESET</fileset><local>true</local><used>false</used><selectable>true</selectable><timestamp>0</timestamp><used_for_compile>false</used_for_compile><used_for_synthesis>false</used_for_synthesis></file></report_files></tool><tool Constraint_Default="true" Simulation_Default="true" Source_Default="true" Stimulus_Default="true" internal_name="GENERATEPROGRAMMINGDATA" library="Tool" name="g4layout_mapper" state="1" vendor="Actel" version="1.0.2"><configuration/><input_files/><output_files/><report_files/></tool><tool Constraint_Default="true" Simulation_Default="true" Source_Default="true" Stimulus_Default="true" internal_name="EXPORTPROGRAMMINGFILE" library="Tool" name="ExportProgrammingFile" state="0" vendor="Actel" version="1.0.105"><configuration><spirit:hwParameter spirit:name="DAT">false</spirit:hwParameter><spirit:hwParameter spirit:name="file_name"/><spirit:hwParameter spirit:name="limit_SVF_file_size">false</spirit:hwParameter><spirit:hwParameter spirit:name="limit_SVF_max_filesize_or_vector">size</spirit:hwParameter><spirit:hwParameter spirit:name="serialization_stapl_type">SINGLE</spirit:hwParameter><spirit:hwParameter spirit:name="serialization_target_solution">FLASHPRO_3_4</spirit:hwParameter><spirit:hwParameter spirit:name="SPI">false</spirit:hwParameter><spirit:hwParameter spirit:name="STP">true</spirit:hwParameter><spirit:hwParameter spirit:name="SVF">false</spirit:hwParameter><spirit:hwParameter spirit:name="SVF_max_filesize">1024</spirit:hwParameter><spirit:hwParameter spirit:name="SVF_max_vectors">1000</spirit:hwParameter></configuration><input_files><file><path>C:\Actelprj\LiberoV11\M2S-SOM-2A\component\work\g4m_system_MSS\ENVM\ENVM.efc</path><type>EFC</type><fileset>PROG_FILESET</fileset><local>true</local><used>false</used><selectable>true</selectable><timestamp>1366674408</timestamp><used_for_compile>false</used_for_compile><used_for_synthesis>false</used_for_synthesis></file></input_files><output_files/><report_files/></tool><tool Constraint_Default="true" Simulation_Default="true" Source_Default="true" Stimulus_Default="true" internal_name="GENERATEPROGRAMMINGFILE" library="Tool" name="GenerateProgrammingFile" state="4" vendor="Actel" version="1.0.100"><configuration/><input_files/><output_files><file><path>designer\g4m_system_top\g4m_system_top.ipd</path><type>FPRO</type><fileset>PROG_FILESET</fileset><local>true</local><used>false</used><selectable>true</selectable><timestamp>1387210747</timestamp><used_for_compile>false</used_for_compile><used_for_synthesis>false</used_for_synthesis></file></output_files><report_files><file><path>designer\g4m_system_top\g4m_system_top_fp\g4m_system_top_generateProgrammingFile.log</path><type>LOG</type><fileset>OTHER_FILESET</fileset><local>true</local><used>false</used><selectable>true</selectable><timestamp>0</timestamp><used_for_compile>false</used_for_compile><used_for_synthesis>false</used_for_synthesis></file></report_files></tool><tool Constraint_Default="true" Simulation_Default="true" Source_Default="true" Stimulus_Default="true" internal_name="PROGRAMDEVICE" library="Tool" name="ProgramDevice" state="4" vendor="Actel" version="1.0.104"><configuration><spirit:hwParameter spirit:name="prog_action"/><spirit:hwParameter spirit:name="prog_procedures"/></configuration><input_files><file><path>C:\Actelprj\LiberoV11\M2S-SOM-2A\component\work\g4m_system_MSS\ENVM\ENVM.efc</path><type>EFC</type><fileset>PROG_FILESET</fileset><local>true</local><used>false</used><selectable>true</selectable><timestamp>1378408232</timestamp><used_for_compile>false</used_for_compile><used_for_synthesis>false</used_for_synthesis></file></input_files><output_files/><report_files><file><path>designer\g4m_system_top\g4m_system_top_fp\g4m_system_top_PROGRAM.log</path><type>LOG</type><fileset>OTHER_FILESET</fileset><local>true</local><used>false</used><selectable>true</selectable><timestamp>0</timestamp><used_for_compile>false</used_for_compile><used_for_synthesis>false</used_for_synthesis></file></report_files></tool><tool Constraint_Default="true" Simulation_Default="true" Source_Default="true" Stimulus_Default="true" internal_name="INSTRUMENTDESIGN" library="Tool" name="InstrumentDesign" state="0" vendor="Actel" version="1.0.100"><configuration/><input_files/><output_files/><report_files/></tool><tool Constraint_Default="true" Simulation_Default="true" Source_Default="true" Stimulus_Default="true" internal_name="EXPORTSDF" library="Tool" name="g4ba" state="0" vendor="Actel" version="1.0.12"><configuration><spirit:hwParameter spirit:name="DELAY_TYPE">false</spirit:hwParameter><spirit:hwParameter spirit:name="EXPORT_HDL_TYPE">VERILOG</spirit:hwParameter></configuration><input_files/><output_files/><report_files/></tool><tool Constraint_Default="true" Simulation_Default="true" Source_Default="true" Stimulus_Default="true" internal_name="SIM_POSTLAYOUT" library="Tool" name="BackAnnotatedSimulation" state="0" vendor="Actel" version="1.0.100"><configuration/><input_files/><output_files/><report_files/></tool><tool Constraint_Default="true" Simulation_Default="true" Source_Default="true" Stimulus_Default="true" internal_name="EXPORTBSDL" library="Tool" name="ExportBSDL" state="0" vendor="Actel" version="1.0.100"><configuration/><input_files/><output_files/><report_files/></tool><tool Constraint_Default="true" Simulation_Default="true" Source_Default="true" Stimulus_Default="true" internal_name="EXPORTPIN" library="Tool" name="pinrpt" state="0" vendor="Actel" version="1.0.12"><configuration><spirit:hwParameter spirit:name="PINRPT_BY_NAME">true</spirit:hwParameter><spirit:hwParameter spirit:name="PINRPT_BY_NUMBER">true</spirit:hwParameter></configuration><input_files/><output_files/><report_files/></tool><tool Constraint_Default="true" Simulation_Default="true" Source_Default="true" Stimulus_Default="true" internal_name="VERIFYPOWER" library="Tool" name="SmartPower" state="0" vendor="Actel" version="1.0.100"><configuration/><input_files/><output_files/><report_files/></tool><tool Constraint_Default="true" Simulation_Default="true" Source_Default="true" Stimulus_Default="true" internal_name="VERIFYTIMING" library="Tool" name="st_analysis" state="0" vendor="Actel" version="1.0.11"><configuration/><input_files/><output_files/><report_files/></tool><tool Constraint_Default="true" Simulation_Default="true" Source_Default="true" Stimulus_Default="true" internal_name="EDITFLOORPLAN_POSTCOMPILE" library="Tool" name="mvn_fp" state="0" vendor="Actel" version="1.0.11"><configuration/><input_files/><output_files/><report_files/></tool><tool Constraint_Default="true" Simulation_Default="true" Source_Default="true" Stimulus_Default="true" internal_name="EDITIO_POSTCOMPILE" library="Tool" name="mvn_io" state="0" vendor="Actel" version="1.0.11"><configuration/><input_files/><output_files/><report_files/></tool><tool Constraint_Default="true" Simulation_Default="true" Source_Default="true" Stimulus_Default="true" internal_name="EDITTIMING_POSTCOMPILE" library="Tool" name="st_constraints" state="0" vendor="Actel" version="1.0.11"><configuration/><input_files/><output_files/><report_files/></tool><tool Constraint_Default="true" Simulation_Default="true" Source_Default="true" Stimulus_Default="true" internal_name="FLASH_FREEZE" library="Tool" name="g4ff" state="0" vendor="Actel" version="1.0.100"><configuration><spirit:hwParameter spirit:name="FF_MSS_CLOCK">RCOSC_1MHZ</spirit:hwParameter><spirit:hwParameter spirit:name="FF_RAM_STATE">SUSPEND</spirit:hwParameter></configuration><input_files/><output_files/><report_files/></tool></toolSetting>