<spirit:component xmlns:actel-cc="http://www.actel.com/XMLSchema/CoreConsole" xmlns:spirit="http://www.spiritconsortium.org/XMLSchema/SPIRIT/1.1" xmlns:xsi="http://www.w3.org/2001/XMLSchema-instance" xsi:schemaLocation="http://www.spiritconsortium.org/XMLSchema/SPIRIT/1.1 http://www.spiritconsortium.org/XMLSchema/SPIRIT/1.1/component.xsd">
  <spirit:vendor>User</spirit:vendor>
  <spirit:library>Private</spirit:library>
  <spirit:name>sdrv2_top</spirit:name>
  <spirit:version>1.0</spirit:version>
  <spirit:busInterfaces>
  <spirit:busInterface>
    <spirit:name>APB0</spirit:name>
    <spirit:busType spirit:vendor="AMBA" spirit:library="AMBA2" spirit:name="APB" spirit:version="r0p0"/>
    <spirit:slave></spirit:slave>
    <spirit:signalMap>
      <spirit:signalName>
        <spirit:componentSignalName>PADDR</spirit:componentSignalName><spirit:busSignalName>PADDR</spirit:busSignalName></spirit:signalName>
      <spirit:signalName>
        <spirit:componentSignalName>PENABLE</spirit:componentSignalName><spirit:busSignalName>PENABLE</spirit:busSignalName></spirit:signalName>
      <spirit:signalName>
        <spirit:componentSignalName>PWRITE</spirit:componentSignalName><spirit:busSignalName>PWRITE</spirit:busSignalName></spirit:signalName>
      <spirit:signalName>
        <spirit:componentSignalName>PWDATA</spirit:componentSignalName><spirit:busSignalName>PWDATA</spirit:busSignalName></spirit:signalName>
      <spirit:signalName>
        <spirit:componentSignalName>PSLVERR</spirit:componentSignalName><spirit:busSignalName>PSLVERR</spirit:busSignalName></spirit:signalName>
      <spirit:signalName>
        <spirit:componentSignalName>PSEL0</spirit:componentSignalName><spirit:busSignalName>PSELx</spirit:busSignalName></spirit:signalName>
      <spirit:signalName>
        <spirit:componentSignalName>PRDATA0</spirit:componentSignalName><spirit:busSignalName>PRDATA</spirit:busSignalName></spirit:signalName>
      <spirit:signalName>
        <spirit:componentSignalName>PREADY0</spirit:componentSignalName><spirit:busSignalName>PREADY</spirit:busSignalName></spirit:signalName></spirit:signalMap>
    <spirit:vendorExtensions></spirit:vendorExtensions>
  </spirit:busInterface>
  <spirit:busInterface>
    <spirit:name>APB1</spirit:name>
    <spirit:busType spirit:vendor="AMBA" spirit:library="AMBA2" spirit:name="APB" spirit:version="r0p0"/>
    <spirit:slave></spirit:slave>
    <spirit:signalMap>
      <spirit:signalName>
        <spirit:componentSignalName>PADDR</spirit:componentSignalName><spirit:busSignalName>PADDR</spirit:busSignalName></spirit:signalName>
      <spirit:signalName>
        <spirit:componentSignalName>PENABLE</spirit:componentSignalName><spirit:busSignalName>PENABLE</spirit:busSignalName></spirit:signalName>
      <spirit:signalName>
        <spirit:componentSignalName>PWRITE</spirit:componentSignalName><spirit:busSignalName>PWRITE</spirit:busSignalName></spirit:signalName>
      <spirit:signalName>
        <spirit:componentSignalName>PWDATA</spirit:componentSignalName><spirit:busSignalName>PWDATA</spirit:busSignalName></spirit:signalName>
      <spirit:signalName>
        <spirit:componentSignalName>PSLVERR</spirit:componentSignalName><spirit:busSignalName>PSLVERR</spirit:busSignalName></spirit:signalName>
      <spirit:signalName>
        <spirit:componentSignalName>PSEL1</spirit:componentSignalName><spirit:busSignalName>PSELx</spirit:busSignalName></spirit:signalName>
      <spirit:signalName>
        <spirit:componentSignalName>PRDATA1</spirit:componentSignalName><spirit:busSignalName>PRDATA</spirit:busSignalName></spirit:signalName>
      <spirit:signalName>
        <spirit:componentSignalName>PREADY1</spirit:componentSignalName><spirit:busSignalName>PREADY</spirit:busSignalName></spirit:signalName></spirit:signalMap>
    <spirit:vendorExtensions></spirit:vendorExtensions>
  </spirit:busInterface>
  <spirit:busInterface>
    <spirit:name>APB2</spirit:name>
    <spirit:busType spirit:vendor="AMBA" spirit:library="AMBA2" spirit:name="APB" spirit:version="r0p0"/>
    <spirit:slave></spirit:slave>
    <spirit:signalMap>
      <spirit:signalName>
        <spirit:componentSignalName>PADDR</spirit:componentSignalName><spirit:busSignalName>PADDR</spirit:busSignalName></spirit:signalName>
      <spirit:signalName>
        <spirit:componentSignalName>PENABLE</spirit:componentSignalName><spirit:busSignalName>PENABLE</spirit:busSignalName></spirit:signalName>
      <spirit:signalName>
        <spirit:componentSignalName>PWRITE</spirit:componentSignalName><spirit:busSignalName>PWRITE</spirit:busSignalName></spirit:signalName>
      <spirit:signalName>
        <spirit:componentSignalName>PWDATA</spirit:componentSignalName><spirit:busSignalName>PWDATA</spirit:busSignalName></spirit:signalName>
      <spirit:signalName>
        <spirit:componentSignalName>PSLVERR</spirit:componentSignalName><spirit:busSignalName>PSLVERR</spirit:busSignalName></spirit:signalName>
      <spirit:signalName>
        <spirit:componentSignalName>PSEL2</spirit:componentSignalName><spirit:busSignalName>PSELx</spirit:busSignalName></spirit:signalName>
      <spirit:signalName>
        <spirit:componentSignalName>PRDATA2</spirit:componentSignalName><spirit:busSignalName>PRDATA</spirit:busSignalName></spirit:signalName>
      <spirit:signalName>
        <spirit:componentSignalName>PREADY2</spirit:componentSignalName><spirit:busSignalName>PREADY</spirit:busSignalName></spirit:signalName></spirit:signalMap>
    <spirit:vendorExtensions></spirit:vendorExtensions>
  </spirit:busInterface>
  <spirit:busInterface>
    <spirit:name>APB3</spirit:name>
    <spirit:busType spirit:vendor="AMBA" spirit:library="AMBA2" spirit:name="APB" spirit:version="r0p0"/>
    <spirit:slave></spirit:slave>
    <spirit:signalMap>
      <spirit:signalName>
        <spirit:componentSignalName>PADDR</spirit:componentSignalName><spirit:busSignalName>PADDR</spirit:busSignalName></spirit:signalName>
      <spirit:signalName>
        <spirit:componentSignalName>PENABLE</spirit:componentSignalName><spirit:busSignalName>PENABLE</spirit:busSignalName></spirit:signalName>
      <spirit:signalName>
        <spirit:componentSignalName>PWRITE</spirit:componentSignalName><spirit:busSignalName>PWRITE</spirit:busSignalName></spirit:signalName>
      <spirit:signalName>
        <spirit:componentSignalName>PWDATA</spirit:componentSignalName><spirit:busSignalName>PWDATA</spirit:busSignalName></spirit:signalName>
      <spirit:signalName>
        <spirit:componentSignalName>PSLVERR</spirit:componentSignalName><spirit:busSignalName>PSLVERR</spirit:busSignalName></spirit:signalName>
      <spirit:signalName>
        <spirit:componentSignalName>PSEL3</spirit:componentSignalName><spirit:busSignalName>PSELx</spirit:busSignalName></spirit:signalName>
      <spirit:signalName>
        <spirit:componentSignalName>PRDATA3</spirit:componentSignalName><spirit:busSignalName>PRDATA</spirit:busSignalName></spirit:signalName>
      <spirit:signalName>
        <spirit:componentSignalName>PREADY3</spirit:componentSignalName><spirit:busSignalName>PREADY</spirit:busSignalName></spirit:signalName></spirit:signalMap>
    <spirit:vendorExtensions></spirit:vendorExtensions>
  </spirit:busInterface>
  </spirit:busInterfaces>
  <spirit:memoryMaps>
  </spirit:memoryMaps>
  <spirit:hwModel>
    <spirit:views>
    </spirit:views>
    <spirit:signals>
      <spirit:signal>
        <spirit:name>in_phase</spirit:name>
        <spirit:direction>in</spirit:direction>
        <spirit:left>7</spirit:left>
        <spirit:right>0</spirit:right>
      </spirit:signal>
      <spirit:signal>
        <spirit:name>quad_phase</spirit:name>
        <spirit:direction>in</spirit:direction>
        <spirit:left>7</spirit:left>
        <spirit:right>0</spirit:right>
      </spirit:signal>
      <spirit:signal>
        <spirit:name>RSSI_DIN</spirit:name>
        <spirit:direction>in</spirit:direction>
      </spirit:signal>
      <spirit:signal>
        <spirit:name>ADC_CLK</spirit:name>
        <spirit:direction>in</spirit:direction>
      </spirit:signal>
      <spirit:signal>
        <spirit:name>tx_fire</spirit:name>
        <spirit:direction>in</spirit:direction>
      </spirit:signal>
      <spirit:signal>
        <spirit:name>RSSI_CLK</spirit:name>
        <spirit:direction>out</spirit:direction>
      </spirit:signal>
      <spirit:signal>
        <spirit:name>RSSI_CS</spirit:name>
        <spirit:direction>out</spirit:direction>
      </spirit:signal>
      <spirit:signal>
        <spirit:name>ADC_S1</spirit:name>
        <spirit:direction>out</spirit:direction>
      </spirit:signal>
      <spirit:signal>
        <spirit:name>ADC_CLK_BUF</spirit:name>
        <spirit:direction>out</spirit:direction>
      </spirit:signal>
      <spirit:signal>
        <spirit:name>DAC_DACEN</spirit:name>
        <spirit:direction>out</spirit:direction>
      </spirit:signal>
      <spirit:signal>
        <spirit:name>DAC_PD</spirit:name>
        <spirit:direction>out</spirit:direction>
      </spirit:signal>
      <spirit:signal>
        <spirit:name>DAC_CLK</spirit:name>
        <spirit:direction>out</spirit:direction>
      </spirit:signal>
      <spirit:signal>
        <spirit:name>DAC_DOUT</spirit:name>
        <spirit:direction>out</spirit:direction>
        <spirit:left>7</spirit:left>
        <spirit:right>0</spirit:right>
      </spirit:signal>
      <spirit:signal>
        <spirit:name>LED</spirit:name>
        <spirit:direction>out</spirit:direction>
        <spirit:left>7</spirit:left>
        <spirit:right>0</spirit:right>
      </spirit:signal>
      <spirit:signal>
        <spirit:name>RF_RXTX</spirit:name>
        <spirit:direction>out</spirit:direction>
      </spirit:signal>
      <spirit:signal>
        <spirit:name>RF_SHDN</spirit:name>
        <spirit:direction>out</spirit:direction>
      </spirit:signal>
      <spirit:signal>
        <spirit:name>RF_DOUT</spirit:name>
        <spirit:direction>out</spirit:direction>
      </spirit:signal>
      <spirit:signal>
        <spirit:name>RF_CS</spirit:name>
        <spirit:direction>out</spirit:direction>
      </spirit:signal>
      <spirit:signal>
        <spirit:name>RF_CLK</spirit:name>
        <spirit:direction>out</spirit:direction>
      </spirit:signal>
      <spirit:signal>
        <spirit:name>RF_GAIN</spirit:name>
        <spirit:direction>out</spirit:direction>
        <spirit:left>6</spirit:left>
        <spirit:right>0</spirit:right>
      </spirit:signal>
      <spirit:signal>
        <spirit:name>TEST_PTS</spirit:name>
        <spirit:direction>out</spirit:direction>
        <spirit:left>15</spirit:left>
        <spirit:right>0</spirit:right>
      </spirit:signal>
      <spirit:signal>
        <spirit:name>length_int</spirit:name>
        <spirit:direction>out</spirit:direction>
      </spirit:signal>
      <spirit:signal>
        <spirit:name>packet_done</spirit:name>
        <spirit:direction>out</spirit:direction>
      </spirit:signal>
      <spirit:signal>
        <spirit:name>ready_to_transmit</spirit:name>
        <spirit:direction>out</spirit:direction>
      </spirit:signal>
      <spirit:signal>
        <spirit:name>sfd_int</spirit:name>
        <spirit:direction>out</spirit:direction>
      </spirit:signal>
      <spirit:signal>
        <spirit:name>tx_complete</spirit:name>
        <spirit:direction>out</spirit:direction>
      </spirit:signal>
      <spirit:signal>
        <spirit:name>PCLK</spirit:name>
        <spirit:direction>in</spirit:direction>
      </spirit:signal>
      <spirit:signal>
        <spirit:name>PRESETn</spirit:name>
        <spirit:direction>in</spirit:direction>
      </spirit:signal>
      <spirit:signal>
        <spirit:name>PADDR</spirit:name>
        <spirit:direction>in</spirit:direction>
        <spirit:left>31</spirit:left>
        <spirit:right>0</spirit:right>
      </spirit:signal>
      <spirit:signal>
        <spirit:name>PSEL0</spirit:name>
        <spirit:direction>in</spirit:direction>
      </spirit:signal>
      <spirit:signal>
        <spirit:name>PSEL1</spirit:name>
        <spirit:direction>in</spirit:direction>
      </spirit:signal>
      <spirit:signal>
        <spirit:name>PSEL2</spirit:name>
        <spirit:direction>in</spirit:direction>
      </spirit:signal>
      <spirit:signal>
        <spirit:name>PSEL3</spirit:name>
        <spirit:direction>in</spirit:direction>
      </spirit:signal>
      <spirit:signal>
        <spirit:name>PENABLE</spirit:name>
        <spirit:direction>in</spirit:direction>
      </spirit:signal>
      <spirit:signal>
        <spirit:name>PWRITE</spirit:name>
        <spirit:direction>in</spirit:direction>
      </spirit:signal>
      <spirit:signal>
        <spirit:name>PWDATA</spirit:name>
        <spirit:direction>in</spirit:direction>
        <spirit:left>31</spirit:left>
        <spirit:right>0</spirit:right>
      </spirit:signal>
      <spirit:signal>
        <spirit:name>PREADY0</spirit:name>
        <spirit:direction>out</spirit:direction>
      </spirit:signal>
      <spirit:signal>
        <spirit:name>PREADY1</spirit:name>
        <spirit:direction>out</spirit:direction>
      </spirit:signal>
      <spirit:signal>
        <spirit:name>PREADY2</spirit:name>
        <spirit:direction>out</spirit:direction>
      </spirit:signal>
      <spirit:signal>
        <spirit:name>PREADY3</spirit:name>
        <spirit:direction>out</spirit:direction>
      </spirit:signal>
      <spirit:signal>
        <spirit:name>PRDATA0</spirit:name>
        <spirit:direction>out</spirit:direction>
        <spirit:left>31</spirit:left>
        <spirit:right>0</spirit:right>
      </spirit:signal>
      <spirit:signal>
        <spirit:name>PRDATA1</spirit:name>
        <spirit:direction>out</spirit:direction>
        <spirit:left>31</spirit:left>
        <spirit:right>0</spirit:right>
      </spirit:signal>
      <spirit:signal>
        <spirit:name>PRDATA2</spirit:name>
        <spirit:direction>out</spirit:direction>
        <spirit:left>31</spirit:left>
        <spirit:right>0</spirit:right>
      </spirit:signal>
      <spirit:signal>
        <spirit:name>PRDATA3</spirit:name>
        <spirit:direction>out</spirit:direction>
        <spirit:left>31</spirit:left>
        <spirit:right>0</spirit:right>
      </spirit:signal>
      <spirit:signal>
        <spirit:name>PSLVERR</spirit:name>
        <spirit:direction>out</spirit:direction>
      </spirit:signal>
    </spirit:signals>
    <spirit:hwParameters>
    </spirit:hwParameters>
  </spirit:hwModel>
  <spirit:choices>
  </spirit:choices>
  <spirit:fileSets>
  </spirit:fileSets>
  <spirit:vendorExtensions>
    <actel-cc:type typeName="IP"/>
    <actel-cc:instantiateOnCreation value="false"/>
    <actel-cc:categories categoryName="OS" style="hidden">
      <actel-cc:category name="PC">
      </actel-cc:category>
    </actel-cc:categories>
  </spirit:vendorExtensions>
</spirit:component>
