<?xml version="1.0" encoding="UTF-8" standalone="no" ?>
<?xml-stylesheet href="rptstyle.xsl" type="text/xsl" ?>
<doc>
<title>Compile Report</title>
<section><name>Device Selection</name></section>
<table>
<header>
</header>
<row>
 <cell>Family</cell>
 <cell>SmartFusion2</cell>
</row>
<row>
 <cell>Device</cell>
 <cell>M2S050</cell>
</row>
<row>
 <cell>Package</cell>
 <cell>484 FBGA</cell>
</row>
<row>
 <cell>Speed Grade</cell>
 <cell>-1</cell>
</row>
<row>
 <cell>Temp</cell>
 <cell>0:25:85</cell>
</row>
<row>
 <cell>Voltage</cell>
 <cell>1.26:1.20:1.14</cell>
</row>
<row>
 <cell>Core Voltage</cell>
 <cell>1.2V</cell>
</row>
<row>
 <cell>Ramp Rate</cell>
 <cell>100ms Minimum</cell>
</row>
<row>
 <cell>System Controller Suspend Mode</cell>
 <cell>No</cell>
</row>
<row>
 <cell>PLL Supply Voltage</cell>
 <cell>2.5V</cell>
</row>
<row>
 <cell>Default I/O technology</cell>
 <cell>LVCMOS 2.5V</cell>
</row>
<row>
 <cell>Restrict Probe Pins</cell>
 <cell>Yes</cell>
</row>
</table>
<section><name>Source Files</name></section>
<table>
<header>
</header>
<row>
 <cell>Topcell</cell>
 <cell>g4m_system_top</cell>
</row>
<row>
 <cell>Format</cell>
 <cell>EDIF</cell>
</row>
<row>
 <cell>Source</cell>
 <cell>C:\Actelprj\LiberoV11\sdr_daughtercard_FGG484\synthesis\g4m_system_top.edn</cell>
</row>
<row>
 <cell>Source</cell>
 <cell>C:\Actelprj\LiberoV11\sdr_daughtercard_FGG484\constraint\io\g4m_system_top.io.pdc</cell>
</row>
</table>
<section><name>Options</name></section>
<table>
<header>
</header>
<row>
 <cell>Merge User SDC file(s) with Existing Timing Constraints</cell>
 <cell>false</cell>
</row>
<row>
 <cell>Abort Compile if errors are found in PDC file(s)</cell>
 <cell>true</cell>
</row>
<row>
 <cell>Limit the number of high fanout nets to display to</cell>
 <cell>10</cell>
</row>
</table>
<section><name>Netlist Optimization</name></section>
<table>
<header>
</header>
<row>
 <cell>Dangling net drivers</cell>
 <cell>0</cell>
</row>
<row>
 <cell>Buffers</cell>
 <cell>0</cell>
</row>
<row>
 <cell>Inverters</cell>
 <cell>0</cell>
</row>
<row>
 <cell>Tieoff</cell>
 <cell>0</cell>
</row>
<row>
 <cell>Fan-In combining</cell>
 <cell>0</cell>
</row>
<row>
 <cell>Logic combining</cell>
 <cell>0</cell>
</row>
<row>
 <cell></cell>
 <cell></cell>
</row>
<row>
 <cell>Total macros optimized</cell>
 <cell>0</cell>
</row>
</table>
<section><name>Resource Usage</name></section>
<table>
<header>
 <cell>Type</cell>
 <cell>Used</cell>
 <cell>Total</cell>
 <cell>Percentage</cell>
</header>
<row>
 <cell>COMB</cell>
 <cell>3690</cell>
 <cell>56340</cell>
 <cell>6.55</cell>
</row>
<row>
 <cell>SEQ</cell>
 <cell>2202</cell>
 <cell>56340</cell>
 <cell>3.91</cell>
</row>
<row>
 <cell>IO (W/ clocks)</cell>
 <cell>146</cell>
 <cell>265</cell>
 <cell>55.09</cell>
</row>
<row>
 <cell>Differential IO</cell>
 <cell>1</cell>
 <cell>132</cell>
 <cell>0.76</cell>
</row>
<row>
 <cell>GLOBAL</cell>
 <cell>12</cell>
 <cell>16</cell>
 <cell>75.00</cell>
</row>
<row>
 <cell>RGB</cell>
 <cell>12</cell>
 <cell>1088</cell>
 <cell>1.10</cell>
</row>
<row>
 <cell>RAM64x18</cell>
 <cell>3</cell>
 <cell>72</cell>
 <cell>4.17</cell>
</row>
<row>
 <cell>RAM1K18</cell>
 <cell>1</cell>
 <cell>69</cell>
 <cell>1.45</cell>
</row>
<row>
 <cell>MACC</cell>
 <cell>2</cell>
 <cell>72</cell>
 <cell>2.78</cell>
</row>
<row>
 <cell>RCOSC_25_50MHZ</cell>
 <cell>1</cell>
 <cell>1</cell>
 <cell>100.00</cell>
</row>
<row>
 <cell>RCOSC_1MHZ</cell>
 <cell>0</cell>
 <cell>1</cell>
 <cell>0.00</cell>
</row>
<row>
 <cell>XTLOSC</cell>
 <cell>1</cell>
 <cell>1</cell>
 <cell>100.00</cell>
</row>
<row>
 <cell>CCC</cell>
 <cell>1</cell>
 <cell>6</cell>
 <cell>16.67</cell>
</row>
<row>
 <cell>MSS</cell>
 <cell>1</cell>
 <cell>1</cell>
 <cell>100.00</cell>
</row>
<row>
 <cell>SYSCTRL</cell>
 <cell>1</cell>
 <cell>1</cell>
 <cell>100.00</cell>
</row>
</table>
<section><name>I/O Function</name></section>
<table>
<header>
 <cell>Type</cell>
 <cell>w/o register</cell>
 <cell>w/ register</cell>
 <cell>w/ DDR register</cell>
</header>
<row>
 <cell>Input I/O</cell>
 <cell>31</cell>
 <cell>0</cell>
 <cell>0</cell>
</row>
<row>
 <cell>Output I/O</cell>
 <cell>90</cell>
 <cell>0</cell>
 <cell>0</cell>
</row>
<row>
 <cell>Bidirectional I/O</cell>
 <cell>23</cell>
 <cell>0</cell>
 <cell>0</cell>
</row>
<row>
 <cell>Differential Input I/O Pairs</cell>
 <cell>0</cell>
 <cell>0</cell>
 <cell>0</cell>
</row>
<row>
 <cell>Differential Output I/O Pairs</cell>
 <cell>1</cell>
 <cell>0</cell>
 <cell>0</cell>
</row>
</table>
<section><name>I/O Technology</name></section>
<table>
<header>
 <cell>I/O Standard</cell>
 <cell>Vcci</cell>
 <cell>Vref</cell>
 <cell>Input</cell>
 <cell>Output</cell>
 <cell>Bidirectional</cell>
</header>
<row>
 <cell>LVCMOS25</cell>
 <cell> 2.50v</cell>
 <cell> N/A</cell>
 <cell> 30</cell>
 <cell> 63</cell>
 <cell> 3</cell>
</row>
<row>
 <cell>LPDDRI (Input/Bidirectional)</cell>
 <cell> 1.80v</cell>
 <cell> 1.00v</cell>
 <cell> 1</cell>
 <cell> 0</cell>
 <cell> 20</cell>
</row>
<row>
 <cell>LPDDRI (Output)</cell>
 <cell> 1.80v</cell>
 <cell> N/A</cell>
 <cell> 0</cell>
 <cell> 29</cell>
 <cell> 0</cell>
</row>
</table>
<section><name>I/O Placement</name></section>
<table>
<header>
 <cell>Type</cell>
 <cell>Count</cell>
 <cell>Percentage</cell>
</header>
<row>
 <cell>Locked</cell>
 <cell> 130</cell>
 <cell>89.04%</cell>
</row>
<row>
 <cell>Placed</cell>
 <cell> 0</cell>
 <cell>0.00%</cell>
</row>
<row>
 <cell>UnPlaced</cell>
 <cell> 16</cell>
 <cell>10.96%</cell>
</row>
</table>
<section><name>Nets assigned to chip global resources</name></section>
<table>
<header>
 <cell>Fanout</cell>
 <cell>Type</cell>
 <cell>Name</cell>
</header>
<row>
 <cell>1334</cell>
 <cell>INT_NET</cell>
 <cell>Net   : g4m_system_0/CCC_0_GL2</cell>
</row>
<row>
 <cell></cell>
 <cell></cell>
 <cell>Driver: g4m_system_0/CCC_0/GL2_INST/U0_RGB1</cell>
</row>
<row>
 <cell></cell>
 <cell></cell>
 <cell>Source: NETLIST</cell>
</row>
<row>
 <cell>864</cell>
 <cell>INT_NET</cell>
 <cell>Net   : g4m_system_0/CORESF2CONFIG_0_APB_S_PRESET_N</cell>
</row>
<row>
 <cell></cell>
 <cell></cell>
 <cell>Driver: g4m_system_0/g4m_system_MSS_0/MSS_ADLIB_INST_RNIFFA7/U0_RGB1</cell>
</row>
<row>
 <cell></cell>
 <cell></cell>
 <cell>Source: NETLIST</cell>
</row>
<row>
 <cell>662</cell>
 <cell>INT_NET</cell>
 <cell>Net   : g4m_system_0/sdrv2_top_0/cr0/localresetn_i_0_i</cell>
</row>
<row>
 <cell></cell>
 <cell></cell>
 <cell>Driver: g4m_system_0/sdrv2_top_0/cr0/cmp_rst_RNI32PK_0/U0_RGB1</cell>
</row>
<row>
 <cell></cell>
 <cell></cell>
 <cell>Source: NETLIST</cell>
</row>
<row>
 <cell>579</cell>
 <cell>INT_NET</cell>
 <cell>Net   : g4m_system_0/CCC_0_GL1</cell>
</row>
<row>
 <cell></cell>
 <cell></cell>
 <cell>Driver: g4m_system_0/CCC_0/GL1_INST/U0_RGB1</cell>
</row>
<row>
 <cell></cell>
 <cell></cell>
 <cell>Source: NETLIST</cell>
</row>
<row>
 <cell>235</cell>
 <cell>INT_NET</cell>
 <cell>Net   : g4m_system_0.sdrv2_top_0.cr0.corr_self_rst_i_0_i</cell>
</row>
<row>
 <cell></cell>
 <cell></cell>
 <cell>Driver: I_534/U0_RGB1</cell>
</row>
<row>
 <cell></cell>
 <cell></cell>
 <cell>Source: NETLIST</cell>
</row>
<row>
 <cell>112</cell>
 <cell>INT_NET</cell>
 <cell>Net   : g4m_system_0/sdrv2_top_0/cr0/un1_PRESETn_1_RNI0RCF</cell>
</row>
<row>
 <cell></cell>
 <cell></cell>
 <cell>Driver: g4m_system_0/sdrv2_top_0/cr0/un1_PRESETn_1_RNI0RCF/U0_RGB1</cell>
</row>
<row>
 <cell></cell>
 <cell></cell>
 <cell>Source: NETLIST</cell>
</row>
<row>
 <cell>57</cell>
 <cell>INT_NET</cell>
 <cell>Net   : g4m_system_0/CORESF2CONFIG_0_APB_S_PCLK</cell>
</row>
<row>
 <cell></cell>
 <cell></cell>
 <cell>Driver: g4m_system_0/g4m_system_MSS_0/FIC_2_APB_M_PCLK_inferred_clock_RNI727C/U0_RGB1</cell>
</row>
<row>
 <cell></cell>
 <cell></cell>
 <cell>Source: NETLIST</cell>
</row>
<row>
 <cell>33</cell>
 <cell>INT_NET</cell>
 <cell>Net   : g4m_system_0/CORESF2RESET_0/sm2_areset_n_rcosc</cell>
</row>
<row>
 <cell></cell>
 <cell></cell>
 <cell>Driver: g4m_system_0/CORESF2RESET_0/sm0_areset_n_rcosc_RNIM0C6/U0_RGB1</cell>
</row>
<row>
 <cell></cell>
 <cell></cell>
 <cell>Source: NETLIST</cell>
</row>
<row>
 <cell>17</cell>
 <cell>INT_NET</cell>
 <cell>Net   : g4m_system_0/sdrv2_top_0/rc0/N_4_i</cell>
</row>
<row>
 <cell></cell>
 <cell></cell>
 <cell>Driver: g4m_system_0/sdrv2_top_0/rc0/auto_tx_en_rst_i_0_RNI1G9F/U0_RGB1</cell>
</row>
<row>
 <cell></cell>
 <cell></cell>
 <cell>Source: NETLIST</cell>
</row>
<row>
 <cell>16</cell>
 <cell>INT_NET</cell>
 <cell>Net   : g4m_system_0/sdrv2_top_0/fc0/un1_resetn_RNIKTG9</cell>
</row>
<row>
 <cell></cell>
 <cell></cell>
 <cell>Driver: g4m_system_0/sdrv2_top_0/fc0/un1_resetn_RNIKTG9/U0_RGB1</cell>
</row>
<row>
 <cell></cell>
 <cell></cell>
 <cell>Source: NETLIST</cell>
</row>
<row>
 <cell>16</cell>
 <cell>INT_NET</cell>
 <cell>Net   : g4m_system_0/sdrv2_top_0/fc0/un1_resetn_1_RNI4939</cell>
</row>
<row>
 <cell></cell>
 <cell></cell>
 <cell>Driver: g4m_system_0/sdrv2_top_0/fc0/un1_resetn_1_RNI4939/U0_RGB1</cell>
</row>
<row>
 <cell></cell>
 <cell></cell>
 <cell>Source: NETLIST</cell>
</row>
<row>
 <cell>16</cell>
 <cell>INT_NET</cell>
 <cell>Net   : g4m_system_0/sdrv2_top_0/fc0/un1_resetn_2_RNI5939</cell>
</row>
<row>
 <cell></cell>
 <cell></cell>
 <cell>Driver: g4m_system_0/sdrv2_top_0/fc0/un1_resetn_2_RNI5939/U0_RGB1</cell>
</row>
<row>
 <cell></cell>
 <cell></cell>
 <cell>Source: NETLIST</cell>
</row>
</table>
<section><name>Nets assigned to row global resources</name></section>
<table>
<header>
 <cell>Fanout</cell>
 <cell>Type</cell>
 <cell>Name</cell>
</header>
</table>
<section><name>High fanout nets</name></section>
<table>
<header>
 <cell>Fanout</cell>
 <cell>Type</cell>
 <cell>Name</cell>
</header>
<row>
 <cell>250</cell>
 <cell>INT_NET</cell>
 <cell>Net   : g4m_system_0/sdrv2_top_0/cr0/cmp0/next_state_0_sqmuxa</cell>
</row>
<row>
 <cell></cell>
 <cell></cell>
 <cell>Driver: g4m_system_0/sdrv2_top_0/cr0/cmp0/state_ns_0_a2_0[2]</cell>
</row>
<row>
 <cell>97</cell>
 <cell>INT_NET</cell>
 <cell>Net   : g4m_system_0/sdrv2_top_0/cr0/cmp0/cmp_idx[1]</cell>
</row>
<row>
 <cell></cell>
 <cell></cell>
 <cell>Driver: g4m_system_0/sdrv2_top_0/cr0/cmp0/cmp_idx[1]</cell>
</row>
<row>
 <cell>96</cell>
 <cell>INT_NET</cell>
 <cell>Net   : g4m_system_0/sdrv2_top_0/cr0/cmp0/cmp_idx[0]</cell>
</row>
<row>
 <cell></cell>
 <cell></cell>
 <cell>Driver: g4m_system_0/sdrv2_top_0/cr0/cmp0/cmp_idx[0]</cell>
</row>
<row>
 <cell>81</cell>
 <cell>INT_NET</cell>
 <cell>Net   : g4m_system_0/sdrv2_top_0/cr0/FCF_reg[11]</cell>
</row>
<row>
 <cell></cell>
 <cell></cell>
 <cell>Driver: g4m_system_0/sdrv2_top_0/cr0/FCF_reg[11]</cell>
</row>
<row>
 <cell>71</cell>
 <cell>INT_NET</cell>
 <cell>Net   : g4m_system_0/sdrv2_top_0/cr0/FCF_reg[6]</cell>
</row>
<row>
 <cell></cell>
 <cell></cell>
 <cell>Driver: g4m_system_0/sdrv2_top_0/cr0/FCF_reg[6]</cell>
</row>
<row>
 <cell>68</cell>
 <cell>INT_NET</cell>
 <cell>Net   : g4m_system_0/sdrv2_top_0/cr0/cmp0/cmp_start</cell>
</row>
<row>
 <cell></cell>
 <cell></cell>
 <cell>Driver: g4m_system_0/sdrv2_top_0/cr0/cmp0/cmp_start</cell>
</row>
<row>
 <cell>63</cell>
 <cell>INT_NET</cell>
 <cell>Net   : g4m_system_0/sdrv2_top_0/cr0/FCF_reg[10]</cell>
</row>
<row>
 <cell></cell>
 <cell></cell>
 <cell>Driver: g4m_system_0/sdrv2_top_0/cr0/FCF_reg[10]</cell>
</row>
<row>
 <cell>45</cell>
 <cell>INT_NET</cell>
 <cell>Net   : g4m_system_0/CoreAPB3_0_APBmslave0_PADDR[2]</cell>
</row>
<row>
 <cell></cell>
 <cell></cell>
 <cell>Driver: g4m_system_0/g4m_system_MSS_0/MSS_ADLIB_INST</cell>
</row>
<row>
 <cell>40</cell>
 <cell>INT_NET</cell>
 <cell>Net   : TEST_PTS_c[9]</cell>
</row>
<row>
 <cell></cell>
 <cell></cell>
 <cell>Driver: g4m_system_0/sdrv2_top_0/fc0/ack_gl_state_1[0]</cell>
</row>
<row>
 <cell>37</cell>
 <cell>INT_NET</cell>
 <cell>Net   : g4m_system_0/CoreAPB3_0_APBmslave0_PSELx</cell>
</row>
<row>
 <cell></cell>
 <cell></cell>
 <cell>Driver: g4m_system_0/CoreAPB3_0/CAPB3O0OI[0]</cell>
</row>
</table>
<section><name>High fanout nets (through buffer trees)</name></section>
<table>
<header>
 <cell>Fanout</cell>
 <cell>Type</cell>
 <cell>Name</cell>
</header>
<row>
 <cell>250</cell>
 <cell>INT_NET</cell>
 <cell>Net   : g4m_system_0/sdrv2_top_0/cr0/cmp0/next_state_0_sqmuxa</cell>
</row>
<row>
 <cell></cell>
 <cell></cell>
 <cell>Driver: g4m_system_0/sdrv2_top_0/cr0/cmp0/state_ns_0_a2_0[2]</cell>
</row>
<row>
 <cell>97</cell>
 <cell>INT_NET</cell>
 <cell>Net   : g4m_system_0/sdrv2_top_0/cr0/cmp0/cmp_idx[1]</cell>
</row>
<row>
 <cell></cell>
 <cell></cell>
 <cell>Driver: g4m_system_0/sdrv2_top_0/cr0/cmp0/cmp_idx[1]</cell>
</row>
<row>
 <cell>96</cell>
 <cell>INT_NET</cell>
 <cell>Net   : g4m_system_0/sdrv2_top_0/cr0/cmp0/cmp_idx[0]</cell>
</row>
<row>
 <cell></cell>
 <cell></cell>
 <cell>Driver: g4m_system_0/sdrv2_top_0/cr0/cmp0/cmp_idx[0]</cell>
</row>
<row>
 <cell>81</cell>
 <cell>INT_NET</cell>
 <cell>Net   : g4m_system_0/sdrv2_top_0/cr0/FCF_reg[11]</cell>
</row>
<row>
 <cell></cell>
 <cell></cell>
 <cell>Driver: g4m_system_0/sdrv2_top_0/cr0/FCF_reg[11]</cell>
</row>
<row>
 <cell>71</cell>
 <cell>INT_NET</cell>
 <cell>Net   : g4m_system_0/sdrv2_top_0/cr0/FCF_reg[6]</cell>
</row>
<row>
 <cell></cell>
 <cell></cell>
 <cell>Driver: g4m_system_0/sdrv2_top_0/cr0/FCF_reg[6]</cell>
</row>
<row>
 <cell>68</cell>
 <cell>INT_NET</cell>
 <cell>Net   : g4m_system_0/sdrv2_top_0/cr0/cmp0/cmp_start</cell>
</row>
<row>
 <cell></cell>
 <cell></cell>
 <cell>Driver: g4m_system_0/sdrv2_top_0/cr0/cmp0/cmp_start</cell>
</row>
<row>
 <cell>63</cell>
 <cell>INT_NET</cell>
 <cell>Net   : g4m_system_0/sdrv2_top_0/cr0/FCF_reg[10]</cell>
</row>
<row>
 <cell></cell>
 <cell></cell>
 <cell>Driver: g4m_system_0/sdrv2_top_0/cr0/FCF_reg[10]</cell>
</row>
<row>
 <cell>45</cell>
 <cell>INT_NET</cell>
 <cell>Net   : g4m_system_0/CoreAPB3_0_APBmslave0_PADDR[2]</cell>
</row>
<row>
 <cell></cell>
 <cell></cell>
 <cell>Driver: g4m_system_0/g4m_system_MSS_0/MSS_ADLIB_INST</cell>
</row>
<row>
 <cell>40</cell>
 <cell>INT_NET</cell>
 <cell>Net   : TEST_PTS_c[9]</cell>
</row>
<row>
 <cell></cell>
 <cell></cell>
 <cell>Driver: g4m_system_0/sdrv2_top_0/fc0/ack_gl_state_1[0]</cell>
</row>
<row>
 <cell>37</cell>
 <cell>INT_NET</cell>
 <cell>Net   : g4m_system_0/CoreAPB3_0_APBmslave0_PSELx</cell>
</row>
<row>
 <cell></cell>
 <cell></cell>
 <cell>Driver: g4m_system_0/CoreAPB3_0/CAPB3O0OI[0]</cell>
</row>
</table>
</doc>
