<?xml version="1.0" encoding="UTF-8" standalone="no" ?>
<?xml-stylesheet href="rptstyle.xsl" type="text/xsl" ?>
<doc>
<title>Combinational Loop Report</title>
<text>SmartTime Version 11.2.0.26</text>
<text>Microsemi Corporation - Microsemi Libero Software Release v11.2 (Version 11.2.0.26)</text>
<text>Date: Mon Dec 16 11:11:55 2013 </text>
<table>
<header>
</header>
<row>
 <cell>Design</cell>
 <cell>g4m_system_top</cell>
</row>
<row>
 <cell>Family</cell>
 <cell>SmartFusion2</cell>
</row>
<row>
 <cell>Die</cell>
 <cell>M2S050</cell>
</row>
<row>
 <cell>Package</cell>
 <cell>484 FBGA</cell>
</row>
<row>
 <cell>Temperature</cell>
 <cell>COM</cell>
</row>
<row>
 <cell>Voltage</cell>
 <cell>COM</cell>
</row>
<row>
 <cell>Speed Grade</cell>
 <cell>-1</cell>
</row>
<row>
 <cell>Design State</cell>
 <cell>Pre-Layout</cell>
</row>
<row>
 <cell>Analysis Min Case</cell>
 <cell>BEST</cell>
</row>
<row>
 <cell>Analysis Max Case</cell>
 <cell>WORST</cell>
</row>
<row>
 <cell>Scenario for Timing Analysis</cell>
 <cell>Primary</cell>
</row>
</table>
<text></text>
<text></text>
<text></text>
<text>No combinational loops were detected in the design.</text>
</doc>
