<?xml version="1.0" encoding="UTF-8" standalone="no" ?>
<?xml-stylesheet href="rptstyle.xsl" type="text/xsl" ?>
<doc>
<title>Global Net Report</title>
<section>
<name>Global Nets Information</name>
<table>
<header>
 <cell/>
 <cell> From </cell>
 <cell> GB Location </cell>
 <cell> Net Name </cell>
 <cell> Fanout </cell>
</header>
<row>
 <cell>1</cell>
 <cell>GB[10] </cell>
 <cell>(448, 108)</cell>
 <cell>g4m_system_0/CCC_0/GL2_INST/U0_YWn</cell>
 <cell>1334</cell>
</row>
<row>
 <cell>2</cell>
 <cell>GB[11] </cell>
 <cell>(449, 108)</cell>
 <cell>g4m_system_0/g4m_system_MSS_0/MSS_ADLIB_INST_RNIFFA7/U0_YWn</cell>
 <cell>864</cell>
</row>
<row>
 <cell>3</cell>
 <cell>GB[14] </cell>
 <cell>(452, 108)</cell>
 <cell>g4m_system_0/sdrv2_top_0/cr0/cmp_rst_RNI32PK_0/U0_YWn</cell>
 <cell>662</cell>
</row>
<row>
 <cell>4</cell>
 <cell>GB[9] </cell>
 <cell>(447, 108)</cell>
 <cell>g4m_system_0/CCC_0/GL1_INST/U0_YWn</cell>
 <cell>579</cell>
</row>
<row>
 <cell>5</cell>
 <cell>GB[15] </cell>
 <cell>(453, 108)</cell>
 <cell>I_534/U0_YWn</cell>
 <cell>235</cell>
</row>
<row>
 <cell>6</cell>
 <cell>GB[8] </cell>
 <cell>(446, 108)</cell>
 <cell>g4m_system_0/sdrv2_top_0/cr0/un1_PRESETn_1_RNI0RCF/U0_YWn</cell>
 <cell>112</cell>
</row>
<row>
 <cell>7</cell>
 <cell>GB[7] </cell>
 <cell>(441, 108)</cell>
 <cell>g4m_system_0/g4m_system_MSS_0/FIC_2_APB_M_PCLK_inferred_clock_RNI727C/U0_YWn_GEast</cell>
 <cell>57</cell>
</row>
<row>
 <cell>8</cell>
 <cell>GB[3] </cell>
 <cell>(437, 108)</cell>
 <cell>g4m_system_0/CORESF2RESET_0/sm0_areset_n_rcosc_RNIM0C6/U0_YWn_GEast</cell>
 <cell>33</cell>
</row>
<row>
 <cell>9</cell>
 <cell>GB[6] </cell>
 <cell>(440, 108)</cell>
 <cell>g4m_system_0/sdrv2_top_0/rc0/auto_tx_en_rst_i_0_RNI1G9F/U0_YWn_GEast</cell>
 <cell>17</cell>
</row>
<row>
 <cell>10</cell>
 <cell>GB[0] </cell>
 <cell>(434, 108)</cell>
 <cell>g4m_system_0/sdrv2_top_0/fc0/un1_resetn_RNIKTG9/U0_YWn</cell>
 <cell>16</cell>
</row>
<row>
 <cell>11</cell>
 <cell>GB[1] </cell>
 <cell>(435, 108)</cell>
 <cell>g4m_system_0/sdrv2_top_0/fc0/un1_resetn_1_RNI4939/U0_YWn</cell>
 <cell>16</cell>
</row>
<row>
 <cell>12</cell>
 <cell>GB[5] </cell>
 <cell>(439, 108)</cell>
 <cell>g4m_system_0/sdrv2_top_0/fc0/un1_resetn_2_RNI5939/U0_YWn</cell>
 <cell>16</cell>
</row>
</table>
<text></text>
</section>
<section>
<name>I/O to GB Connections</name>
<text>(none)</text>
</section>
<section>
<name>Fabric to GB Connections</name>
<table>
<header>
 <cell/>
 <cell> From </cell>
 <cell> From Location </cell>
 <cell> To </cell>
 <cell> Net name </cell>
 <cell> Net type </cell>
 <cell> Fanout </cell>
</header>
<row>
 <cell>1</cell>
 <cell>g4m_system_0/g4m_system_MSS_0/MSS_ADLIB_INST/INST_MSS_050_IP:CONFIG_PRESET_N</cell>
 <cell>(744, 206)</cell>
 <cell>GB[11] </cell>
 <cell>g4m_system_0/g4m_system_MSS_0/CONFIG_PRESET_N</cell>
 <cell>ROUTED</cell>
 <cell>9</cell>
</row>
<row>
 <cell>2</cell>
 <cell>g4m_system_0/sdrv2_top_0/cr0/cmp_rst_RNI32PK:Y</cell>
 <cell>(471, 93)</cell>
 <cell>GB[14] </cell>
 <cell>g4m_system_0/sdrv2_top_0/cr0/cmp_rst_RNI32PK</cell>
 <cell>ROUTED</cell>
 <cell>1</cell>
</row>
<row>
 <cell>3</cell>
 <cell>g4m_system_0/sdrv2_top_0/cr0/corr_self_rst_i:Y</cell>
 <cell>(546, 111)</cell>
 <cell>GB[15] </cell>
 <cell>corr_self_rst_i</cell>
 <cell>ROUTED</cell>
 <cell>1</cell>
</row>
<row>
 <cell>4</cell>
 <cell>g4m_system_0/sdrv2_top_0/cr0/un1_PRESETn_1:Y</cell>
 <cell>(490, 111)</cell>
 <cell>GB[8] </cell>
 <cell>g4m_system_0/sdrv2_top_0/cr0/un1_PRESETn_1</cell>
 <cell>ROUTED</cell>
 <cell>3</cell>
</row>
<row>
 <cell>5</cell>
 <cell>g4m_system_0/g4m_system_MSS_0/MSS_ADLIB_INST/INST_MSS_050_IP:CLK_CONFIG_APB</cell>
 <cell>(744, 206)</cell>
 <cell>GB[7] </cell>
 <cell>g4m_system_0/g4m_system_MSS_0/FIC_2_APB_M_PCLK</cell>
 <cell>ROUTED</cell>
 <cell>1</cell>
</row>
<row>
 <cell>6</cell>
 <cell>g4m_system_0/CORESF2RESET_0/sm0_areset_n_rcosc:Q</cell>
 <cell>(577, 184)</cell>
 <cell>GB[3] </cell>
 <cell>g4m_system_0/CORESF2RESET_0/sm0_areset_n_rcosc</cell>
 <cell>ROUTED</cell>
 <cell>1</cell>
</row>
<row>
 <cell>7</cell>
 <cell>g4m_system_0/sdrv2_top_0/rc0/auto_tx_en_rst_i_0:Y</cell>
 <cell>(620, 111)</cell>
 <cell>GB[6] </cell>
 <cell>g4m_system_0/sdrv2_top_0/rc0/auto_tx_en_rst_i_0</cell>
 <cell>ROUTED</cell>
 <cell>1</cell>
</row>
<row>
 <cell>8</cell>
 <cell>g4m_system_0/sdrv2_top_0/fc0/un1_resetn:Y</cell>
 <cell>(440, 78)</cell>
 <cell>GB[0] </cell>
 <cell>g4m_system_0/sdrv2_top_0/fc0/un1_resetn</cell>
 <cell>ROUTED</cell>
 <cell>2</cell>
</row>
<row>
 <cell>9</cell>
 <cell>g4m_system_0/sdrv2_top_0/fc0/un1_resetn_1:Y</cell>
 <cell>(435, 78)</cell>
 <cell>GB[1] </cell>
 <cell>g4m_system_0/sdrv2_top_0/fc0/un1_resetn_1</cell>
 <cell>ROUTED</cell>
 <cell>2</cell>
</row>
<row>
 <cell>10</cell>
 <cell>g4m_system_0/sdrv2_top_0/fc0/un1_resetn_2:Y</cell>
 <cell>(433, 78)</cell>
 <cell>GB[5] </cell>
 <cell>g4m_system_0/sdrv2_top_0/fc0/un1_resetn_2</cell>
 <cell>ROUTED</cell>
 <cell>2</cell>
</row>
</table>
<text></text>
</section>
<section>
<name>CCC to GB Connections</name>
<table>
<header>
 <cell/>
 <cell> From </cell>
 <cell> From Location </cell>
 <cell> To </cell>
 <cell> Net name </cell>
 <cell> Net type </cell>
 <cell> Fanout </cell>
</header>
<row>
 <cell>1</cell>
 <cell>g4m_system_0/CCC_0/CCC_INST/INST_CCC_IP:GL2</cell>
 <cell>CCC-NE0 (852, 194)</cell>
 <cell>GB[10] </cell>
 <cell>g4m_system_0/CCC_0/GL2_net</cell>
 <cell>HARDWIRED</cell>
 <cell>1</cell>
</row>
<row>
 <cell>2</cell>
 <cell>g4m_system_0/CCC_0/CCC_INST/INST_CCC_IP:GL1</cell>
 <cell>CCC-NE0 (852, 194)</cell>
 <cell>GB[9] </cell>
 <cell>g4m_system_0/CCC_0/GL1_net</cell>
 <cell>HARDWIRED</cell>
 <cell>1</cell>
</row>
</table>
<text></text>
</section>
<section>
<name>CCC Input Connections</name>
<text>(none)</text>
</section>
<section>
<name>Local Clock Nets to RGB Connections</name>
<text>(none)</text>
</section>
</doc>
