<?xml version="1.0" encoding="ISO-8859-1" ?>
<device>
  <name>Top</name>
  <version>1.0</version>
  <description>CMSIS description for Top.  Created by Actel SmartDesign on Wed Apr 24 19:16:42 2013</description>
  <addressUnitBits>8</addressUnitBits>
  <width>32</width>
  <peripherals>
    <peripheral>
      <name>sdrv2_top_0</name>
      <baseAddress>0x40070000</baseAddress>
    </peripheral>
    <peripheral>
      <name>sdrv2_top_0</name>
      <baseAddress>0x40080000</baseAddress>
    </peripheral>
  </peripherals>
</device>
