<?xml version="1.0" encoding="ISO-8859-1" ?>
<?xml-stylesheet type="text/xsl" href="drcss.xsl"?>
<drcreport>
  <header>DESIGN_FIRMWARE</header>
  <drc>
    <status>C:\Microsemi\Libero_v11.1\Designer/data/drcreport\error.png</status>
    <StatusMessage>Error</StatusMessage>
    <message>Missing Core Definition</message>
    <detail>Core 'Actel:Firmware:SmartFusion2_CMSIS:1.3.2 ' is missing from the vault.</detail>
    <crossprobe>liberoaction://cross_probe/smartdesign/DESIGN_FIRMWARE/instances/SmartFusion2_CMSIS_0</crossprobe>
  </drc>
  <drc>
    <status>C:\Microsemi\Libero_v11.1\Designer/data/drcreport\error.png</status>
    <StatusMessage>Error</StatusMessage>
    <message>Missing Core Definition</message>
    <detail>Core 'Actel:Firmware:SmartFusion2_MSS_GPIO_Driver:1.2.2 ' is missing from the vault.</detail>
    <crossprobe>liberoaction://cross_probe/smartdesign/DESIGN_FIRMWARE/instances/SmartFusion2_MSS_GPIO_Driver_0</crossprobe>
  </drc>
  <drc>
    <status>C:\Microsemi\Libero_v11.1\Designer/data/drcreport\error.png</status>
    <StatusMessage>Error</StatusMessage>
    <message>Missing Core Definition</message>
    <detail>Core 'Actel:Firmware:SmartFusion2_MSS_I2C_Driver:1.2.2 ' is missing from the vault.</detail>
    <crossprobe>liberoaction://cross_probe/smartdesign/DESIGN_FIRMWARE/instances/SmartFusion2_MSS_I2C_Driver_0</crossprobe>
  </drc>
  <drc>
    <status>C:\Microsemi\Libero_v11.1\Designer/data/drcreport\error.png</status>
    <StatusMessage>Error</StatusMessage>
    <message>Missing Core Definition</message>
    <detail>Core 'Actel:Firmware:SmartFusion2_MSS_I2C_Driver:1.2.2 ' is missing from the vault.</detail>
    <crossprobe>liberoaction://cross_probe/smartdesign/DESIGN_FIRMWARE/instances/SmartFusion2_MSS_I2C_Driver_1</crossprobe>
  </drc>
  <drc>
    <status>C:\Microsemi\Libero_v11.1\Designer/data/drcreport\error.png</status>
    <StatusMessage>Error</StatusMessage>
    <message>Missing Core Definition</message>
    <detail>Core 'Actel:Firmware:SmartFusion2_MSS_MMUART_Driver:1.2.3 ' is missing from the vault.</detail>
    <crossprobe>liberoaction://cross_probe/smartdesign/DESIGN_FIRMWARE/instances/SmartFusion2_MSS_MMUART_Driver_0</crossprobe>
  </drc>
  <drc>
    <status>C:\Microsemi\Libero_v11.1\Designer/data/drcreport\error.png</status>
    <StatusMessage>Error</StatusMessage>
    <message>Missing Core Definition</message>
    <detail>Core 'Actel:Firmware:SmartFusion2_MSS_MMUART_Driver:1.2.3 ' is missing from the vault.</detail>
    <crossprobe>liberoaction://cross_probe/smartdesign/DESIGN_FIRMWARE/instances/SmartFusion2_MSS_MMUART_Driver_1</crossprobe>
  </drc>
</drcreport>
