<?xml version="1.0" encoding="ISO-8859-1" ?>
<?xml-stylesheet type="text/xsl" href="drcss.xsl"?>
<drcreport>
  <header>g4m_system</header>
  <drc>
    <status>C:\Microsemi\Libero_v11.1\Designer/data/drcreport\warn.png</status>
    <StatusMessage>Warning</StatusMessage>
    <message>Floating Driver</message>
    <detail>Floating output bus pin g4m_system:in_phase[7:0]</detail>
    <crossprobe>liberoaction://cross_probe/smartdesign/g4m_system/pins/g4m_system:in_phase</crossprobe>
  </drc>
  <drc>
    <status>C:\Microsemi\Libero_v11.1\Designer/data/drcreport\warn.png</status>
    <StatusMessage>Warning</StatusMessage>
    <message>Floating Driver</message>
    <detail>Floating output bus pin g4m_system:quad_phase[7:0]</detail>
    <crossprobe>liberoaction://cross_probe/smartdesign/g4m_system/pins/g4m_system:quad_phase</crossprobe>
  </drc>
</drcreport>
